Bridge Brain start: 2026-05-07 13:20:01.854212
Running: scripts/automation_runner.py
Traceback (most recent call last):
  File "/home/ubuntu/bridge-engine/scripts/bridge_brain.py", line 39, in <module>
    run_engine(engine)
  File "/home/ubuntu/bridge-engine/scripts/bridge_brain.py", line 33, in run_engine
    subprocess.run(["python", path], check=False)
  File "/usr/lib/python3.10/subprocess.py", line 503, in run
    with Popen(*popenargs, **kwargs) as process:
  File "/usr/lib/python3.10/subprocess.py", line 971, in __init__
    self._execute_child(args, executable, preexec_fn, close_fds,
  File "/usr/lib/python3.10/subprocess.py", line 1863, in _execute_child
    raise child_exception_type(errno_num, err_msg, err_filename)
FileNotFoundError: [Errno 2] No such file or directory: 'python'
Bridge Brain start: 2026-05-07 13:30:01.898309
Running: scripts/automation_runner.py
Traceback (most recent call last):
  File "/home/ubuntu/bridge-engine/scripts/bridge_brain.py", line 39, in <module>
    run_engine(engine)
  File "/home/ubuntu/bridge-engine/scripts/bridge_brain.py", line 33, in run_engine
    subprocess.run(["python", path], check=False)
  File "/usr/lib/python3.10/subprocess.py", line 503, in run
    with Popen(*popenargs, **kwargs) as process:
  File "/usr/lib/python3.10/subprocess.py", line 971, in __init__
    self._execute_child(args, executable, preexec_fn, close_fds,
  File "/usr/lib/python3.10/subprocess.py", line 1863, in _execute_child
    raise child_exception_type(errno_num, err_msg, err_filename)
FileNotFoundError: [Errno 2] No such file or directory: 'python'
Bridge Brain start: 2026-05-07 13:40:01.943264
Running: scripts/automation_runner.py
Traceback (most recent call last):
  File "/home/ubuntu/bridge-engine/scripts/bridge_brain.py", line 39, in <module>
    run_engine(engine)
  File "/home/ubuntu/bridge-engine/scripts/bridge_brain.py", line 33, in run_engine
    subprocess.run(["python", path], check=False)
  File "/usr/lib/python3.10/subprocess.py", line 503, in run
    with Popen(*popenargs, **kwargs) as process:
  File "/usr/lib/python3.10/subprocess.py", line 971, in __init__
    self._execute_child(args, executable, preexec_fn, close_fds,
  File "/usr/lib/python3.10/subprocess.py", line 1863, in _execute_child
    raise child_exception_type(errno_num, err_msg, err_filename)
FileNotFoundError: [Errno 2] No such file or directory: 'python'
{
  "ok": true,
  "ran_at": "2026-05-07 13:50:02",
  "runs": 10,
  "retention": {
    "generated_at": "2026-05-07 13:50:02",
    "total_paths": 1,
    "started_paths": 0,
    "completed_paths": 0,
    "partial_paths": 0,
    "abandoned_paths": 1,
    "total_steps": 4,
    "done_steps": 0,
    "completion_rate": 0,
    "start_rate": 0,
    "feedback_events": 0,
    "overwhelm_events": 0,
    "flow_events": 0,
    "recommended_energy_mode": "focused"
  },
  "actions": [
    {
      "type": "momentum_recovery",
      "title": "Offer a 3-minute restart task for abandoned paths",
      "priority": "high"
    },
    {
      "type": "clarity",
      "title": "Rewrite checkpoints to be more concrete",
      "priority": "high"
    }
  ]
}
{
  "ok": true,
  "ran_at": "2026-05-07 13:50:02",
  "runs": 4,
  "reward_style": "restart_friction_reducer",
  "task_size": "tiny",
  "loops": [
    "Instant Visible Progress",
    "Momentum Continuation",
    "Friction Recovery",
    "Novelty Injection",
    "Identity Reinforcement"
  ]
}
{
  "ok": true,
  "generated_at": "2026-05-07 13:50:02",
  "recommendation": {
    "best_time_of_day": "morning",
    "best_energy_mode": "focused",
    "best_environment": "desk",
    "best_session_length": "medium",
    "recommended_task_mode": "guided_progress",
    "recommended_minutes": 10,
    "message": "Best current pattern: medium guided_progress tasks during morning, ideally in desk mode."
  }
}
{
  "ok": true,
  "generated_at": "2026-05-07 13:50:02",
  "recommendations": [
    {
      "goal_type": "language",
      "action": "improve_activation",
      "message": "This path needs a stronger first visible win and clearer emotional payoff."
    }
  ]
}
{
  "ok": true,
  "generated_at": "2026-05-07 13:50:02",
  "mode": "micro_activation",
  "rules": [
    "Default new tasks into low-friction micro-start format."
  ]
}
{
  "ok": true,
  "generated_at": "2026-05-07 13:50:02",
  "merged_filter_count": 38,
  "promoted": 6,
  "watch": 32,
  "suppressed": 3,
  "path_rules": 30,
  "best_default_features": [
    "low_text",
    "project_first",
    "challenge_mode",
    "audio_mode",
    "clear_checkpoint",
    "music_supported",
    "micro_start",
    "energy_blocks",
    "transition_prompts",
    "calendar_overlay"
  ]
}
{
  "ok": true,
  "generated_at": "2026-05-07 13:50:02",
  "new_events": 60,
  "total_events": 180,
  "filter_count": 10,
  "sample_filters": [
    {
      "user_id": "audio_walking_learner",
      "goal_id": "filmmaking",
      "action": "finish_support",
      "required_features": [
        "audio_mode",
        "project_first",
        "walking_mode"
      ],
      "avoid_features": [],
      "best_modality": "walking",
      "best_difficulty": "easy",
      "completion_rate": 44,
      "start_rate": 83
    },
    {
      "user_id": "audio_walking_learner",
      "goal_id": "web_design",
      "action": "finish_support",
      "required_features": [
        "challenge_mode",
        "outside_app_ready",
        "audio_mode"
      ],
      "avoid_features": [],
      "best_modality": "gamified",
      "best_difficulty": "hard",
      "completion_rate": 38,
      "start_rate": 90
    },
    {
      "user_id": "adhd_overwhelmed_student",
      "goal_id": "web_design",
      "action": "micro_recovery_first",
      "required_features": [
        "visual_example",
        "outside_app_ready",
        "walking_mode"
      ],
      "avoid_features": [],
      "best_modality": "music_supported",
      "best_difficulty": "easy",
      "completion_rate": 31,
      "start_rate": 68
    },
    {
      "user_id": "burnout_recovery_user",
      "goal_id": "web_design",
      "action": "finish_support",
      "required_features": [
        "challenge_mode",
        "audio_mode",
        "visual_example"
      ],
      "avoid_features": [],
      "best_modality": "music_supported",
      "best_difficulty": "easy",
      "completion_rate": 50,
      "start_rate": 90
    },
    {
      "user_id": "visual_project_learner",
      "goal_id": "filmmaking",
      "action": "balanced",
      "required_features": [
        "clear_checkpoint",
        "recovery_mode",
        "project_first"
      ],
      "avoid_features": [],
      "best_modality": "audio",
      "best_difficulty": "medium",
      "completion_rate": 65,
      "start_rate": 100
    }
  ]
}
{
  "ok": true,
  "generated_at": "2026-05-07 13:50:02",
  "new_events": 36,
  "total_events": 108,
  "filter_count": 30,
  "sample_filters": [
    {
      "user_id": "busy_worker_student",
      "scenario_id": "semester_overload",
      "domain": "college",
      "action": "micro_start_plan",
      "avg_completion": 50,
      "overwhelm_rate": 0,
      "recommended_structures": [
        "calendar_chunking",
        "micro_start",
        "deadline_risk_map",
        "recovery_buffer"
      ],
      "dominant_verdict": "needs_lower_activation"
    },
    {
      "user_id": "creative_project_user",
      "scenario_id": "make_a_movie",
      "domain": "filmmaking",
      "action": "checkpoint_finish_plan",
      "avg_completion": 57,
      "overwhelm_rate": 60,
      "recommended_structures": [
        "phone_only_mode",
        "15_second_scene",
        "storyboard_3_frames",
        "publishable_microfilm"
      ],
      "dominant_verdict": "needs_finish_support"
    },
    {
      "user_id": "creative_project_user",
      "scenario_id": "semester_overload",
      "domain": "college",
      "action": "recovery_first_plan",
      "avg_completion": 50,
      "overwhelm_rate": 50,
      "recommended_structures": [
        "calendar_chunking",
        "micro_start",
        "deadline_risk_map",
        "recovery_buffer"
      ],
      "dominant_verdict": "needs_recovery_first"
    },
    {
      "user_id": "burnout_user",
      "scenario_id": "startup_validation",
      "domain": "business",
      "action": "recovery_first_plan",
      "avg_completion": 20,
      "overwhelm_rate": 100,
      "recommended_structures": [
        "one_user_profile",
        "landing_page_mvp",
        "interview_script",
        "tiny_offer"
      ],
      "dominant_verdict": "needs_recovery_first"
    },
    {
      "user_id": "adhd_student",
      "scenario_id": "research_paper",
      "domain": "school_assignment",
      "action": "recovery_first_plan",
      "avg_completion": 18,
      "overwhelm_rate": 100,
      "recommended_structures": [
        "bad_first_draft",
        "source_micro_goal",
        "outline_first",
        "checkpoint_rewards"
      ],
      "dominant_verdict": "needs_recovery_first"
    }
  ]
}
Bridge Brain Safe start: 2026-05-07 13:50:01.986171
Using Python interpreter: /home/ubuntu/bridge-engine/venv/bin/python
Running: scripts/automation_runner.py
Running: scripts/reward_loop_engine.py
Running: scripts/context_intelligence_engine.py
Running: scripts/path_effectiveness_engine.py
Running: scripts/adaptive_learning_engine.py
Running: scripts/adaptive_backend_brain.py
Running: scripts/smart_path_simulation_engine.py
Running: scripts/complex_path_simulation_engine.py
Bridge Brain Safe complete: 2026-05-07 13:50:02.617544
{
  "ok": true,
  "ran_at": "2026-05-07 14:00:01",
  "runs": 11,
  "retention": {
    "generated_at": "2026-05-07 14:00:01",
    "total_paths": 1,
    "started_paths": 0,
    "completed_paths": 0,
    "partial_paths": 0,
    "abandoned_paths": 1,
    "total_steps": 4,
    "done_steps": 0,
    "completion_rate": 0,
    "start_rate": 0,
    "feedback_events": 0,
    "overwhelm_events": 0,
    "flow_events": 0,
    "recommended_energy_mode": "focused"
  },
  "actions": [
    {
      "type": "momentum_recovery",
      "title": "Offer a 3-minute restart task for abandoned paths",
      "priority": "high"
    },
    {
      "type": "clarity",
      "title": "Rewrite checkpoints to be more concrete",
      "priority": "high"
    }
  ]
}
{
  "ok": true,
  "ran_at": "2026-05-07 14:00:01",
  "runs": 5,
  "reward_style": "restart_friction_reducer",
  "task_size": "tiny",
  "loops": [
    "Instant Visible Progress",
    "Momentum Continuation",
    "Friction Recovery",
    "Novelty Injection",
    "Identity Reinforcement"
  ]
}
{
  "ok": true,
  "generated_at": "2026-05-07 14:00:01",
  "recommendation": {
    "best_time_of_day": "morning",
    "best_energy_mode": "focused",
    "best_environment": "desk",
    "best_session_length": "medium",
    "recommended_task_mode": "guided_progress",
    "recommended_minutes": 10,
    "message": "Best current pattern: medium guided_progress tasks during morning, ideally in desk mode."
  }
}
{
  "ok": true,
  "generated_at": "2026-05-07 14:00:01",
  "recommendations": [
    {
      "goal_type": "language",
      "action": "improve_activation",
      "message": "This path needs a stronger first visible win and clearer emotional payoff."
    }
  ]
}
{
  "ok": true,
  "generated_at": "2026-05-07 14:00:02",
  "mode": "micro_activation",
  "rules": [
    "Default new tasks into low-friction micro-start format."
  ]
}
{
  "ok": true,
  "generated_at": "2026-05-07 14:00:02",
  "merged_filter_count": 40,
  "promoted": 3,
  "watch": 37,
  "suppressed": 2,
  "path_rules": 28,
  "best_default_features": [
    "project_first",
    "clear_checkpoint",
    "low_text",
    "audio_mode",
    "music_supported",
    "recovery_mode"
  ]
}
{
  "ok": true,
  "generated_at": "2026-05-07 14:00:02",
  "new_events": 60,
  "total_events": 240,
  "filter_count": 10,
  "sample_filters": [
    {
      "user_id": "audio_walking_learner",
      "goal_id": "filmmaking",
      "action": "finish_support",
      "required_features": [
        "audio_mode",
        "challenge_mode",
        "visual_example"
      ],
      "avoid_features": [],
      "best_modality": "walking",
      "best_difficulty": "easy",
      "completion_rate": 52,
      "start_rate": 84
    },
    {
      "user_id": "audio_walking_learner",
      "goal_id": "web_design",
      "action": "finish_support",
      "required_features": [
        "challenge_mode",
        "clear_checkpoint",
        "deadline_aware"
      ],
      "avoid_features": [],
      "best_modality": "gamified",
      "best_difficulty": "hard",
      "completion_rate": 37,
      "start_rate": 91
    },
    {
      "user_id": "adhd_overwhelmed_student",
      "goal_id": "web_design",
      "action": "micro_recovery_first",
      "required_features": [
        "visual_example",
        "recovery_mode",
        "outside_app_ready"
      ],
      "avoid_features": [],
      "best_modality": "music_supported",
      "best_difficulty": "easy",
      "completion_rate": 33,
      "start_rate": 74
    },
    {
      "user_id": "burnout_recovery_user",
      "goal_id": "web_design",
      "action": "finish_support",
      "required_features": [
        "challenge_mode",
        "walking_mode",
        "audio_mode"
      ],
      "avoid_features": [],
      "best_modality": "visual",
      "best_difficulty": "easy",
      "completion_rate": 48,
      "start_rate": 88
    },
    {
      "user_id": "visual_project_learner",
      "goal_id": "filmmaking",
      "action": "balanced",
      "required_features": [
        "audio_mode",
        "clear_checkpoint",
        "project_first"
      ],
      "avoid_features": [],
      "best_modality": "audio",
      "best_difficulty": "medium",
      "completion_rate": 64,
      "start_rate": 100
    }
  ]
}
{
  "ok": true,
  "generated_at": "2026-05-07 14:00:02",
  "new_events": 36,
  "total_events": 144,
  "filter_count": 30,
  "sample_filters": [
    {
      "user_id": "busy_worker_student",
      "scenario_id": "semester_overload",
      "domain": "college",
      "action": "micro_start_plan",
      "avg_completion": 35,
      "overwhelm_rate": 25,
      "recommended_structures": [
        "calendar_chunking",
        "micro_start",
        "deadline_risk_map",
        "recovery_buffer"
      ],
      "dominant_verdict": "needs_lower_activation"
    },
    {
      "user_id": "creative_project_user",
      "scenario_id": "make_a_movie",
      "domain": "filmmaking",
      "action": "checkpoint_finish_plan",
      "avg_completion": 53,
      "overwhelm_rate": 57,
      "recommended_structures": [
        "phone_only_mode",
        "15_second_scene",
        "storyboard_3_frames",
        "publishable_microfilm"
      ],
      "dominant_verdict": "needs_finish_support"
    },
    {
      "user_id": "creative_project_user",
      "scenario_id": "semester_overload",
      "domain": "college",
      "action": "checkpoint_finish_plan",
      "avg_completion": 53,
      "overwhelm_rate": 33,
      "recommended_structures": [
        "calendar_chunking",
        "micro_start",
        "deadline_risk_map",
        "recovery_buffer"
      ],
      "dominant_verdict": "needs_finish_support"
    },
    {
      "user_id": "burnout_user",
      "scenario_id": "startup_validation",
      "domain": "business",
      "action": "recovery_first_plan",
      "avg_completion": 20,
      "overwhelm_rate": 100,
      "recommended_structures": [
        "one_user_profile",
        "landing_page_mvp",
        "interview_script",
        "tiny_offer"
      ],
      "dominant_verdict": "needs_recovery_first"
    },
    {
      "user_id": "adhd_student",
      "scenario_id": "research_paper",
      "domain": "school_assignment",
      "action": "recovery_first_plan",
      "avg_completion": 18,
      "overwhelm_rate": 100,
      "recommended_structures": [
        "bad_first_draft",
        "source_micro_goal",
        "outline_first",
        "checkpoint_rewards"
      ],
      "dominant_verdict": "needs_recovery_first"
    }
  ]
}
Bridge Brain Safe start: 2026-05-07 14:00:01.659495
Using Python interpreter: /home/ubuntu/bridge-engine/venv/bin/python
Running: scripts/automation_runner.py
Running: scripts/reward_loop_engine.py
Running: scripts/context_intelligence_engine.py
Running: scripts/path_effectiveness_engine.py
Running: scripts/adaptive_learning_engine.py
Running: scripts/adaptive_backend_brain.py
Running: scripts/smart_path_simulation_engine.py
Running: scripts/complex_path_simulation_engine.py
Bridge Brain Safe complete: 2026-05-07 14:00:02.334970
{
  "ok": true,
  "ran_at": "2026-05-07 14:10:01",
  "runs": 12,
  "retention": {
    "generated_at": "2026-05-07 14:10:01",
    "total_paths": 1,
    "started_paths": 0,
    "completed_paths": 0,
    "partial_paths": 0,
    "abandoned_paths": 1,
    "total_steps": 4,
    "done_steps": 0,
    "completion_rate": 0,
    "start_rate": 0,
    "feedback_events": 0,
    "overwhelm_events": 0,
    "flow_events": 0,
    "recommended_energy_mode": "focused"
  },
  "actions": [
    {
      "type": "momentum_recovery",
      "title": "Offer a 3-minute restart task for abandoned paths",
      "priority": "high"
    },
    {
      "type": "clarity",
      "title": "Rewrite checkpoints to be more concrete",
      "priority": "high"
    }
  ]
}
{
  "ok": true,
  "ran_at": "2026-05-07 14:10:01",
  "runs": 6,
  "reward_style": "restart_friction_reducer",
  "task_size": "tiny",
  "loops": [
    "Instant Visible Progress",
    "Momentum Continuation",
    "Friction Recovery",
    "Novelty Injection",
    "Identity Reinforcement"
  ]
}
{
  "ok": true,
  "generated_at": "2026-05-07 14:10:01",
  "recommendation": {
    "best_time_of_day": "morning",
    "best_energy_mode": "focused",
    "best_environment": "desk",
    "best_session_length": "medium",
    "recommended_task_mode": "guided_progress",
    "recommended_minutes": 10,
    "message": "Best current pattern: medium guided_progress tasks during morning, ideally in desk mode."
  }
}
{
  "ok": true,
  "generated_at": "2026-05-07 14:10:01",
  "recommendations": [
    {
      "goal_type": "language",
      "action": "improve_activation",
      "message": "This path needs a stronger first visible win and clearer emotional payoff."
    }
  ]
}
{
  "ok": true,
  "generated_at": "2026-05-07 14:10:01",
  "mode": "micro_activation",
  "rules": [
    "Default new tasks into low-friction micro-start format."
  ]
}
{
  "ok": true,
  "generated_at": "2026-05-07 14:10:01",
  "merged_filter_count": 40,
  "promoted": 4,
  "watch": 36,
  "suppressed": 3,
  "path_rules": 30,
  "best_default_features": [
    "project_first",
    "audio_mode",
    "visible_artifact",
    "music_supported",
    "challenge_mode",
    "phone_only_mode",
    "15_second_scene",
    "storyboard_3_frames",
    "publishable_microfilm",
    "clear_checkpoint"
  ]
}
{
  "ok": true,
  "generated_at": "2026-05-07 14:10:01",
  "new_events": 60,
  "total_events": 300,
  "filter_count": 10,
  "sample_filters": [
    {
      "user_id": "audio_walking_learner",
      "goal_id": "filmmaking",
      "action": "finish_support",
      "required_features": [
        "audio_mode",
        "challenge_mode",
        "walking_mode"
      ],
      "avoid_features": [],
      "best_modality": "walking",
      "best_difficulty": "easy",
      "completion_rate": 45,
      "start_rate": 80
    },
    {
      "user_id": "audio_walking_learner",
      "goal_id": "web_design",
      "action": "finish_support",
      "required_features": [
        "deadline_aware",
        "challenge_mode",
        "clear_checkpoint"
      ],
      "avoid_features": [],
      "best_modality": "gamified",
      "best_difficulty": "hard",
      "completion_rate": 42,
      "start_rate": 89
    },
    {
      "user_id": "adhd_overwhelmed_student",
      "goal_id": "web_design",
      "action": "micro_recovery_first",
      "required_features": [
        "visual_example",
        "recovery_mode",
        "outside_app_ready"
      ],
      "avoid_features": [],
      "best_modality": "music_supported",
      "best_difficulty": "easy",
      "completion_rate": 27,
      "start_rate": 69
    },
    {
      "user_id": "burnout_recovery_user",
      "goal_id": "web_design",
      "action": "finish_support",
      "required_features": [
        "walking_mode",
        "deadline_aware",
        "audio_mode"
      ],
      "avoid_features": [],
      "best_modality": "visual",
      "best_difficulty": "easy",
      "completion_rate": 48,
      "start_rate": 83
    },
    {
      "user_id": "visual_project_learner",
      "goal_id": "filmmaking",
      "action": "finish_support",
      "required_features": [
        "project_first",
        "audio_mode",
        "low_text"
      ],
      "avoid_features": [],
      "best_modality": "audio",
      "best_difficulty": "medium",
      "completion_rate": 53,
      "start_rate": 100
    }
  ]
}
{
  "ok": true,
  "generated_at": "2026-05-07 14:10:02",
  "new_events": 36,
  "total_events": 180,
  "filter_count": 30,
  "sample_filters": [
    {
      "user_id": "busy_worker_student",
      "scenario_id": "semester_overload",
      "domain": "college",
      "action": "micro_start_plan",
      "avg_completion": 40,
      "overwhelm_rate": 16,
      "recommended_structures": [
        "calendar_chunking",
        "micro_start",
        "deadline_risk_map",
        "recovery_buffer"
      ],
      "dominant_verdict": "needs_lower_activation"
    },
    {
      "user_id": "creative_project_user",
      "scenario_id": "make_a_movie",
      "domain": "filmmaking",
      "action": "checkpoint_finish_plan",
      "avg_completion": 53,
      "overwhelm_rate": 57,
      "recommended_structures": [
        "phone_only_mode",
        "15_second_scene",
        "storyboard_3_frames",
        "publishable_microfilm"
      ],
      "dominant_verdict": "needs_finish_support"
    },
    {
      "user_id": "creative_project_user",
      "scenario_id": "semester_overload",
      "domain": "college",
      "action": "checkpoint_finish_plan",
      "avg_completion": 53,
      "overwhelm_rate": 33,
      "recommended_structures": [
        "calendar_chunking",
        "micro_start",
        "deadline_risk_map",
        "recovery_buffer"
      ],
      "dominant_verdict": "needs_finish_support"
    },
    {
      "user_id": "burnout_user",
      "scenario_id": "startup_validation",
      "domain": "business",
      "action": "recovery_first_plan",
      "avg_completion": 20,
      "overwhelm_rate": 88,
      "recommended_structures": [
        "one_user_profile",
        "landing_page_mvp",
        "interview_script",
        "tiny_offer"
      ],
      "dominant_verdict": "needs_recovery_first"
    },
    {
      "user_id": "adhd_student",
      "scenario_id": "research_paper",
      "domain": "school_assignment",
      "action": "recovery_first_plan",
      "avg_completion": 19,
      "overwhelm_rate": 77,
      "recommended_structures": [
        "bad_first_draft",
        "source_micro_goal",
        "outline_first",
        "checkpoint_rewards"
      ],
      "dominant_verdict": "needs_recovery_first"
    }
  ]
}
Bridge Brain Safe start: 2026-05-07 14:10:01.378079
Using Python interpreter: /home/ubuntu/bridge-engine/venv/bin/python
Running: scripts/automation_runner.py
Running: scripts/reward_loop_engine.py
Running: scripts/context_intelligence_engine.py
Running: scripts/path_effectiveness_engine.py
Running: scripts/adaptive_learning_engine.py
Running: scripts/adaptive_backend_brain.py
Running: scripts/smart_path_simulation_engine.py
Running: scripts/complex_path_simulation_engine.py
Bridge Brain Safe complete: 2026-05-07 14:10:02.095248
{
  "ok": true,
  "ran_at": "2026-05-07 14:20:01",
  "runs": 13,
  "retention": {
    "generated_at": "2026-05-07 14:20:01",
    "total_paths": 1,
    "started_paths": 0,
    "completed_paths": 0,
    "partial_paths": 0,
    "abandoned_paths": 1,
    "total_steps": 4,
    "done_steps": 0,
    "completion_rate": 0,
    "start_rate": 0,
    "feedback_events": 0,
    "overwhelm_events": 0,
    "flow_events": 0,
    "recommended_energy_mode": "focused"
  },
  "actions": [
    {
      "type": "momentum_recovery",
      "title": "Offer a 3-minute restart task for abandoned paths",
      "priority": "high"
    },
    {
      "type": "clarity",
      "title": "Rewrite checkpoints to be more concrete",
      "priority": "high"
    }
  ]
}
{
  "ok": true,
  "ran_at": "2026-05-07 14:20:01",
  "runs": 7,
  "reward_style": "restart_friction_reducer",
  "task_size": "tiny",
  "loops": [
    "Instant Visible Progress",
    "Momentum Continuation",
    "Friction Recovery",
    "Novelty Injection",
    "Identity Reinforcement"
  ]
}
{
  "ok": true,
  "generated_at": "2026-05-07 14:20:01",
  "recommendation": {
    "best_time_of_day": "morning",
    "best_energy_mode": "focused",
    "best_environment": "desk",
    "best_session_length": "medium",
    "recommended_task_mode": "guided_progress",
    "recommended_minutes": 10,
    "message": "Best current pattern: medium guided_progress tasks during morning, ideally in desk mode."
  }
}
{
  "ok": true,
  "generated_at": "2026-05-07 14:20:01",
  "recommendations": [
    {
      "goal_type": "language",
      "action": "improve_activation",
      "message": "This path needs a stronger first visible win and clearer emotional payoff."
    }
  ]
}
{
  "ok": true,
  "generated_at": "2026-05-07 14:20:01",
  "mode": "micro_activation",
  "rules": [
    "Default new tasks into low-friction micro-start format."
  ]
}
{
  "ok": true,
  "generated_at": "2026-05-07 14:20:01",
  "merged_filter_count": 40,
  "promoted": 4,
  "watch": 36,
  "suppressed": 3,
  "path_rules": 29,
  "best_default_features": [
    "audio_mode",
    "visible_artifact",
    "project_first",
    "challenge_mode",
    "recovery_mode",
    "micro_start",
    "phone_only_mode",
    "15_second_scene",
    "storyboard_3_frames",
    "publishable_microfilm"
  ]
}
{
  "ok": true,
  "generated_at": "2026-05-07 14:20:01",
  "new_events": 60,
  "total_events": 360,
  "filter_count": 10,
  "sample_filters": [
    {
      "user_id": "audio_walking_learner",
      "goal_id": "filmmaking",
      "action": "finish_support",
      "required_features": [
        "audio_mode",
        "walking_mode",
        "clear_checkpoint"
      ],
      "avoid_features": [],
      "best_modality": "walking",
      "best_difficulty": "medium",
      "completion_rate": 48,
      "start_rate": 84
    },
    {
      "user_id": "audio_walking_learner",
      "goal_id": "web_design",
      "action": "finish_support",
      "required_features": [
        "clear_checkpoint",
        "audio_mode",
        "music_supported"
      ],
      "avoid_features": [],
      "best_modality": "gamified",
      "best_difficulty": "hard",
      "completion_rate": 38,
      "start_rate": 91
    },
    {
      "user_id": "adhd_overwhelmed_student",
      "goal_id": "web_design",
      "action": "micro_recovery_first",
      "required_features": [
        "visual_example",
        "walking_mode",
        "low_text"
      ],
      "avoid_features": [],
      "best_modality": "music_supported",
      "best_difficulty": "easy",
      "completion_rate": 29,
      "start_rate": 70
    },
    {
      "user_id": "burnout_recovery_user",
      "goal_id": "web_design",
      "action": "finish_support",
      "required_features": [
        "walking_mode",
        "audio_mode",
        "skill_tree"
      ],
      "avoid_features": [],
      "best_modality": "visual",
      "best_difficulty": "easy",
      "completion_rate": 50,
      "start_rate": 77
    },
    {
      "user_id": "visual_project_learner",
      "goal_id": "filmmaking",
      "action": "balanced",
      "required_features": [
        "project_first",
        "audio_mode",
        "recovery_mode"
      ],
      "avoid_features": [],
      "best_modality": "audio",
      "best_difficulty": "medium",
      "completion_rate": 58,
      "start_rate": 100
    }
  ]
}
{
  "ok": true,
  "generated_at": "2026-05-07 14:20:01",
  "new_events": 36,
  "total_events": 216,
  "filter_count": 30,
  "sample_filters": [
    {
      "user_id": "busy_worker_student",
      "scenario_id": "semester_overload",
      "domain": "college",
      "action": "micro_start_plan",
      "avg_completion": 42,
      "overwhelm_rate": 22,
      "recommended_structures": [
        "calendar_chunking",
        "micro_start",
        "deadline_risk_map",
        "recovery_buffer"
      ],
      "dominant_verdict": "needs_lower_activation"
    },
    {
      "user_id": "creative_project_user",
      "scenario_id": "make_a_movie",
      "domain": "filmmaking",
      "action": "checkpoint_finish_plan",
      "avg_completion": 53,
      "overwhelm_rate": 57,
      "recommended_structures": [
        "phone_only_mode",
        "15_second_scene",
        "storyboard_3_frames",
        "publishable_microfilm"
      ],
      "dominant_verdict": "needs_finish_support"
    },
    {
      "user_id": "creative_project_user",
      "scenario_id": "semester_overload",
      "domain": "college",
      "action": "recovery_first_plan",
      "avg_completion": 50,
      "overwhelm_rate": 50,
      "recommended_structures": [
        "calendar_chunking",
        "micro_start",
        "deadline_risk_map",
        "recovery_buffer"
      ],
      "dominant_verdict": "needs_recovery_first"
    },
    {
      "user_id": "burnout_user",
      "scenario_id": "startup_validation",
      "domain": "business",
      "action": "recovery_first_plan",
      "avg_completion": 18,
      "overwhelm_rate": 80,
      "recommended_structures": [
        "one_user_profile",
        "landing_page_mvp",
        "interview_script",
        "tiny_offer"
      ],
      "dominant_verdict": "needs_recovery_first"
    },
    {
      "user_id": "adhd_student",
      "scenario_id": "research_paper",
      "domain": "school_assignment",
      "action": "recovery_first_plan",
      "avg_completion": 19,
      "overwhelm_rate": 72,
      "recommended_structures": [
        "bad_first_draft",
        "source_micro_goal",
        "outline_first",
        "checkpoint_rewards"
      ],
      "dominant_verdict": "needs_recovery_first"
    }
  ]
}
Bridge Brain Safe start: 2026-05-07 14:20:01.146613
Using Python interpreter: /home/ubuntu/bridge-engine/venv/bin/python
Running: scripts/automation_runner.py
Running: scripts/reward_loop_engine.py
Running: scripts/context_intelligence_engine.py
Running: scripts/path_effectiveness_engine.py
Running: scripts/adaptive_learning_engine.py
Running: scripts/adaptive_backend_brain.py
Running: scripts/smart_path_simulation_engine.py
Running: scripts/complex_path_simulation_engine.py
Bridge Brain Safe complete: 2026-05-07 14:20:01.899351
{
  "ok": true,
  "ran_at": "2026-05-07 14:30:02",
  "runs": 14,
  "retention": {
    "generated_at": "2026-05-07 14:30:02",
    "total_paths": 1,
    "started_paths": 0,
    "completed_paths": 0,
    "partial_paths": 0,
    "abandoned_paths": 1,
    "total_steps": 4,
    "done_steps": 0,
    "completion_rate": 0,
    "start_rate": 0,
    "feedback_events": 0,
    "overwhelm_events": 0,
    "flow_events": 0,
    "recommended_energy_mode": "focused"
  },
  "actions": [
    {
      "type": "momentum_recovery",
      "title": "Offer a 3-minute restart task for abandoned paths",
      "priority": "high"
    },
    {
      "type": "clarity",
      "title": "Rewrite checkpoints to be more concrete",
      "priority": "high"
    }
  ]
}
{
  "ok": true,
  "ran_at": "2026-05-07 14:30:02",
  "runs": 8,
  "reward_style": "restart_friction_reducer",
  "task_size": "tiny",
  "loops": [
    "Instant Visible Progress",
    "Momentum Continuation",
    "Friction Recovery",
    "Novelty Injection",
    "Identity Reinforcement"
  ]
}
{
  "ok": true,
  "generated_at": "2026-05-07 14:30:02",
  "recommendation": {
    "best_time_of_day": "morning",
    "best_energy_mode": "focused",
    "best_environment": "desk",
    "best_session_length": "medium",
    "recommended_task_mode": "guided_progress",
    "recommended_minutes": 10,
    "message": "Best current pattern: medium guided_progress tasks during morning, ideally in desk mode."
  }
}
{
  "ok": true,
  "generated_at": "2026-05-07 14:30:02",
  "recommendations": [
    {
      "goal_type": "language",
      "action": "improve_activation",
      "message": "This path needs a stronger first visible win and clearer emotional payoff."
    }
  ]
}
{
  "ok": true,
  "generated_at": "2026-05-07 14:30:02",
  "mode": "micro_activation",
  "rules": [
    "Default new tasks into low-friction micro-start format."
  ]
}
{
  "ok": true,
  "generated_at": "2026-05-07 14:30:02",
  "merged_filter_count": 40,
  "promoted": 5,
  "watch": 35,
  "suppressed": 3,
  "path_rules": 31,
  "best_default_features": [
    "visible_artifact",
    "project_first",
    "audio_mode",
    "challenge_mode",
    "phone_only_mode",
    "15_second_scene",
    "storyboard_3_frames",
    "publishable_microfilm",
    "recovery_mode",
    "music_supported"
  ]
}
{
  "ok": true,
  "generated_at": "2026-05-07 14:30:02",
  "new_events": 60,
  "total_events": 420,
  "filter_count": 10,
  "sample_filters": [
    {
      "user_id": "audio_walking_learner",
      "goal_id": "filmmaking",
      "action": "finish_support",
      "required_features": [
        "audio_mode",
        "walking_mode",
        "low_text"
      ],
      "avoid_features": [],
      "best_modality": "walking",
      "best_difficulty": "medium",
      "completion_rate": 46,
      "start_rate": 84
    },
    {
      "user_id": "audio_walking_learner",
      "goal_id": "web_design",
      "action": "finish_support",
      "required_features": [
        "walking_mode",
        "deadline_aware",
        "audio_mode"
      ],
      "avoid_features": [],
      "best_modality": "gamified",
      "best_difficulty": "medium",
      "completion_rate": 39,
      "start_rate": 90
    },
    {
      "user_id": "adhd_overwhelmed_student",
      "goal_id": "web_design",
      "action": "micro_recovery_first",
      "required_features": [
        "visual_example",
        "music_supported",
        "recovery_mode"
      ],
      "avoid_features": [],
      "best_modality": "music_supported",
      "best_difficulty": "easy",
      "completion_rate": 30,
      "start_rate": 71
    },
    {
      "user_id": "burnout_recovery_user",
      "goal_id": "web_design",
      "action": "finish_support",
      "required_features": [
        "walking_mode",
        "audio_mode",
        "skill_tree"
      ],
      "avoid_features": [],
      "best_modality": "visual",
      "best_difficulty": "easy",
      "completion_rate": 51,
      "start_rate": 78
    },
    {
      "user_id": "visual_project_learner",
      "goal_id": "filmmaking",
      "action": "balanced",
      "required_features": [
        "project_first",
        "audio_mode",
        "recovery_mode"
      ],
      "avoid_features": [],
      "best_modality": "audio",
      "best_difficulty": "medium",
      "completion_rate": 59,
      "start_rate": 100
    }
  ]
}
{
  "ok": true,
  "generated_at": "2026-05-07 14:30:02",
  "new_events": 36,
  "total_events": 252,
  "filter_count": 30,
  "sample_filters": [
    {
      "user_id": "busy_worker_student",
      "scenario_id": "semester_overload",
      "domain": "college",
      "action": "micro_start_plan",
      "avg_completion": 40,
      "overwhelm_rate": 16,
      "recommended_structures": [
        "calendar_chunking",
        "micro_start",
        "deadline_risk_map",
        "recovery_buffer"
      ],
      "dominant_verdict": "needs_lower_activation"
    },
    {
      "user_id": "creative_project_user",
      "scenario_id": "make_a_movie",
      "domain": "filmmaking",
      "action": "checkpoint_finish_plan",
      "avg_completion": 53,
      "overwhelm_rate": 57,
      "recommended_structures": [
        "phone_only_mode",
        "15_second_scene",
        "storyboard_3_frames",
        "publishable_microfilm"
      ],
      "dominant_verdict": "needs_finish_support"
    },
    {
      "user_id": "creative_project_user",
      "scenario_id": "semester_overload",
      "domain": "college",
      "action": "recovery_first_plan",
      "avg_completion": 50,
      "overwhelm_rate": 50,
      "recommended_structures": [
        "calendar_chunking",
        "micro_start",
        "deadline_risk_map",
        "recovery_buffer"
      ],
      "dominant_verdict": "needs_recovery_first"
    },
    {
      "user_id": "burnout_user",
      "scenario_id": "startup_validation",
      "domain": "business",
      "action": "recovery_first_plan",
      "avg_completion": 17,
      "overwhelm_rate": 81,
      "recommended_structures": [
        "one_user_profile",
        "landing_page_mvp",
        "interview_script",
        "tiny_offer"
      ],
      "dominant_verdict": "needs_recovery_first"
    },
    {
      "user_id": "adhd_student",
      "scenario_id": "research_paper",
      "domain": "school_assignment",
      "action": "recovery_first_plan",
      "avg_completion": 19,
      "overwhelm_rate": 72,
      "recommended_structures": [
        "bad_first_draft",
        "source_micro_goal",
        "outline_first",
        "checkpoint_rewards"
      ],
      "dominant_verdict": "needs_recovery_first"
    }
  ]
}
Bridge Brain Safe start: 2026-05-07 14:30:01.942655
Using Python interpreter: /home/ubuntu/bridge-engine/venv/bin/python
Running: scripts/automation_runner.py
Running: scripts/reward_loop_engine.py
Running: scripts/context_intelligence_engine.py
Running: scripts/path_effectiveness_engine.py
Running: scripts/adaptive_learning_engine.py
Running: scripts/adaptive_backend_brain.py
Running: scripts/smart_path_simulation_engine.py
Running: scripts/complex_path_simulation_engine.py
Bridge Brain Safe complete: 2026-05-07 14:30:02.711772
{
  "ok": true,
  "ran_at": "2026-05-07 14:40:01",
  "runs": 15,
  "retention": {
    "generated_at": "2026-05-07 14:40:01",
    "total_paths": 1,
    "started_paths": 0,
    "completed_paths": 0,
    "partial_paths": 0,
    "abandoned_paths": 1,
    "total_steps": 4,
    "done_steps": 0,
    "completion_rate": 0,
    "start_rate": 0,
    "feedback_events": 0,
    "overwhelm_events": 0,
    "flow_events": 0,
    "recommended_energy_mode": "focused"
  },
  "actions": [
    {
      "type": "momentum_recovery",
      "title": "Offer a 3-minute restart task for abandoned paths",
      "priority": "high"
    },
    {
      "type": "clarity",
      "title": "Rewrite checkpoints to be more concrete",
      "priority": "high"
    }
  ]
}
{
  "ok": true,
  "ran_at": "2026-05-07 14:40:01",
  "runs": 9,
  "reward_style": "restart_friction_reducer",
  "task_size": "tiny",
  "loops": [
    "Instant Visible Progress",
    "Momentum Continuation",
    "Friction Recovery",
    "Novelty Injection",
    "Identity Reinforcement"
  ]
}
{
  "ok": true,
  "generated_at": "2026-05-07 14:40:01",
  "recommendation": {
    "best_time_of_day": "morning",
    "best_energy_mode": "focused",
    "best_environment": "desk",
    "best_session_length": "medium",
    "recommended_task_mode": "guided_progress",
    "recommended_minutes": 10,
    "message": "Best current pattern: medium guided_progress tasks during morning, ideally in desk mode."
  }
}
{
  "ok": true,
  "generated_at": "2026-05-07 14:40:02",
  "recommendations": [
    {
      "goal_type": "language",
      "action": "improve_activation",
      "message": "This path needs a stronger first visible win and clearer emotional payoff."
    }
  ]
}
{
  "ok": true,
  "generated_at": "2026-05-07 14:40:02",
  "mode": "micro_activation",
  "rules": [
    "Default new tasks into low-friction micro-start format."
  ]
}
{
  "ok": true,
  "generated_at": "2026-05-07 14:40:02",
  "merged_filter_count": 40,
  "promoted": 5,
  "watch": 35,
  "suppressed": 5,
  "path_rules": 30,
  "best_default_features": [
    "visible_artifact",
    "project_first",
    "audio_mode",
    "challenge_mode",
    "phone_only_mode",
    "15_second_scene",
    "storyboard_3_frames",
    "publishable_microfilm",
    "single_feature_mvp",
    "codex_prompt"
  ]
}
{
  "ok": true,
  "generated_at": "2026-05-07 14:40:02",
  "new_events": 60,
  "total_events": 480,
  "filter_count": 10,
  "sample_filters": [
    {
      "user_id": "audio_walking_learner",
      "goal_id": "filmmaking",
      "action": "finish_support",
      "required_features": [
        "audio_mode",
        "walking_mode",
        "visible_artifact"
      ],
      "avoid_features": [],
      "best_modality": "walking",
      "best_difficulty": "medium",
      "completion_rate": 45,
      "start_rate": 82
    },
    {
      "user_id": "audio_walking_learner",
      "goal_id": "web_design",
      "action": "finish_support",
      "required_features": [
        "walking_mode",
        "deadline_aware",
        "audio_mode"
      ],
      "avoid_features": [],
      "best_modality": "walking",
      "best_difficulty": "medium",
      "completion_rate": 40,
      "start_rate": 89
    },
    {
      "user_id": "adhd_overwhelmed_student",
      "goal_id": "web_design",
      "action": "micro_recovery_first",
      "required_features": [
        "walking_mode",
        "visual_example",
        "low_text"
      ],
      "avoid_features": [],
      "best_modality": "music_supported",
      "best_difficulty": "easy",
      "completion_rate": 33,
      "start_rate": 72
    },
    {
      "user_id": "burnout_recovery_user",
      "goal_id": "web_design",
      "action": "finish_support",
      "required_features": [
        "walking_mode",
        "audio_mode",
        "deadline_aware"
      ],
      "avoid_features": [],
      "best_modality": "visual",
      "best_difficulty": "easy",
      "completion_rate": 46,
      "start_rate": 76
    },
    {
      "user_id": "visual_project_learner",
      "goal_id": "filmmaking",
      "action": "balanced",
      "required_features": [
        "project_first",
        "low_text",
        "recovery_mode"
      ],
      "avoid_features": [],
      "best_modality": "audio",
      "best_difficulty": "medium",
      "completion_rate": 62,
      "start_rate": 97
    }
  ]
}
{
  "ok": true,
  "generated_at": "2026-05-07 14:40:02",
  "new_events": 36,
  "total_events": 288,
  "filter_count": 30,
  "sample_filters": [
    {
      "user_id": "busy_worker_student",
      "scenario_id": "semester_overload",
      "domain": "college",
      "action": "micro_start_plan",
      "avg_completion": 43,
      "overwhelm_rate": 15,
      "recommended_structures": [
        "calendar_chunking",
        "micro_start",
        "deadline_risk_map",
        "recovery_buffer"
      ],
      "dominant_verdict": "needs_lower_activation"
    },
    {
      "user_id": "creative_project_user",
      "scenario_id": "make_a_movie",
      "domain": "filmmaking",
      "action": "checkpoint_finish_plan",
      "avg_completion": 56,
      "overwhelm_rate": 62,
      "recommended_structures": [
        "phone_only_mode",
        "15_second_scene",
        "storyboard_3_frames",
        "publishable_microfilm"
      ],
      "dominant_verdict": "needs_finish_support"
    },
    {
      "user_id": "creative_project_user",
      "scenario_id": "semester_overload",
      "domain": "college",
      "action": "recovery_first_plan",
      "avg_completion": 53,
      "overwhelm_rate": 33,
      "recommended_structures": [
        "calendar_chunking",
        "micro_start",
        "deadline_risk_map",
        "recovery_buffer"
      ],
      "dominant_verdict": "needs_recovery_first"
    },
    {
      "user_id": "burnout_user",
      "scenario_id": "startup_validation",
      "domain": "business",
      "action": "recovery_first_plan",
      "avg_completion": 17,
      "overwhelm_rate": 83,
      "recommended_structures": [
        "one_user_profile",
        "landing_page_mvp",
        "interview_script",
        "tiny_offer"
      ],
      "dominant_verdict": "needs_recovery_first"
    },
    {
      "user_id": "adhd_student",
      "scenario_id": "research_paper",
      "domain": "school_assignment",
      "action": "recovery_first_plan",
      "avg_completion": 19,
      "overwhelm_rate": 72,
      "recommended_structures": [
        "bad_first_draft",
        "source_micro_goal",
        "outline_first",
        "checkpoint_rewards"
      ],
      "dominant_verdict": "needs_recovery_first"
    }
  ]
}
Bridge Brain Safe start: 2026-05-07 14:40:01.755021
Using Python interpreter: /home/ubuntu/bridge-engine/venv/bin/python
Running: scripts/automation_runner.py
Running: scripts/reward_loop_engine.py
Running: scripts/context_intelligence_engine.py
Running: scripts/path_effectiveness_engine.py
Running: scripts/adaptive_learning_engine.py
Running: scripts/adaptive_backend_brain.py
Running: scripts/smart_path_simulation_engine.py
Running: scripts/complex_path_simulation_engine.py
Bridge Brain Safe complete: 2026-05-07 14:40:02.518784
{
  "ok": true,
  "ran_at": "2026-05-07 14:50:01",
  "runs": 16,
  "retention": {
    "generated_at": "2026-05-07 14:50:01",
    "total_paths": 1,
    "started_paths": 0,
    "completed_paths": 0,
    "partial_paths": 0,
    "abandoned_paths": 1,
    "total_steps": 4,
    "done_steps": 0,
    "completion_rate": 0,
    "start_rate": 0,
    "feedback_events": 0,
    "overwhelm_events": 0,
    "flow_events": 0,
    "recommended_energy_mode": "focused"
  },
  "actions": [
    {
      "type": "momentum_recovery",
      "title": "Offer a 3-minute restart task for abandoned paths",
      "priority": "high"
    },
    {
      "type": "clarity",
      "title": "Rewrite checkpoints to be more concrete",
      "priority": "high"
    }
  ]
}
{
  "ok": true,
  "ran_at": "2026-05-07 14:50:01",
  "runs": 10,
  "reward_style": "restart_friction_reducer",
  "task_size": "tiny",
  "loops": [
    "Instant Visible Progress",
    "Momentum Continuation",
    "Friction Recovery",
    "Novelty Injection",
    "Identity Reinforcement"
  ]
}
{
  "ok": true,
  "generated_at": "2026-05-07 14:50:01",
  "recommendation": {
    "best_time_of_day": "morning",
    "best_energy_mode": "focused",
    "best_environment": "desk",
    "best_session_length": "medium",
    "recommended_task_mode": "guided_progress",
    "recommended_minutes": 10,
    "message": "Best current pattern: medium guided_progress tasks during morning, ideally in desk mode."
  }
}
{
  "ok": true,
  "generated_at": "2026-05-07 14:50:01",
  "recommendations": [
    {
      "goal_type": "language",
      "action": "improve_activation",
      "message": "This path needs a stronger first visible win and clearer emotional payoff."
    }
  ]
}
{
  "ok": true,
  "generated_at": "2026-05-07 14:50:01",
  "mode": "micro_activation",
  "rules": [
    "Default new tasks into low-friction micro-start format."
  ]
}
{
  "ok": true,
  "generated_at": "2026-05-07 14:50:01",
  "merged_filter_count": 40,
  "promoted": 4,
  "watch": 36,
  "suppressed": 5,
  "path_rules": 29,
  "best_default_features": [
    "visible_artifact",
    "project_first",
    "audio_mode",
    "challenge_mode",
    "single_feature_mvp",
    "codex_prompt",
    "deploy_checkpoint",
    "phone_only_mode",
    "15_second_scene",
    "storyboard_3_frames"
  ]
}
{
  "ok": true,
  "generated_at": "2026-05-07 14:50:02",
  "new_events": 60,
  "total_events": 540,
  "filter_count": 10,
  "sample_filters": [
    {
      "user_id": "audio_walking_learner",
      "goal_id": "filmmaking",
      "action": "finish_support",
      "required_features": [
        "audio_mode",
        "walking_mode",
        "visible_artifact"
      ],
      "avoid_features": [],
      "best_modality": "reading",
      "best_difficulty": "medium",
      "completion_rate": 48,
      "start_rate": 84
    },
    {
      "user_id": "audio_walking_learner",
      "goal_id": "web_design",
      "action": "finish_support",
      "required_features": [
        "challenge_mode",
        "deadline_aware",
        "walking_mode"
      ],
      "avoid_features": [],
      "best_modality": "walking",
      "best_difficulty": "medium",
      "completion_rate": 42,
      "start_rate": 90
    },
    {
      "user_id": "adhd_overwhelmed_student",
      "goal_id": "web_design",
      "action": "micro_recovery_first",
      "required_features": [
        "walking_mode",
        "low_text",
        "visual_example"
      ],
      "avoid_features": [],
      "best_modality": "music_supported",
      "best_difficulty": "easy",
      "completion_rate": 33,
      "start_rate": 74
    },
    {
      "user_id": "burnout_recovery_user",
      "goal_id": "web_design",
      "action": "finish_support",
      "required_features": [
        "walking_mode",
        "audio_mode",
        "skill_tree"
      ],
      "avoid_features": [],
      "best_modality": "visual",
      "best_difficulty": "medium",
      "completion_rate": 44,
      "start_rate": 74
    },
    {
      "user_id": "visual_project_learner",
      "goal_id": "filmmaking",
      "action": "balanced",
      "required_features": [
        "project_first",
        "low_text",
        "recovery_mode"
      ],
      "avoid_features": [],
      "best_modality": "audio",
      "best_difficulty": "medium",
      "completion_rate": 63,
      "start_rate": 98
    }
  ]
}
{
  "ok": true,
  "generated_at": "2026-05-07 14:50:02",
  "new_events": 36,
  "total_events": 324,
  "filter_count": 30,
  "sample_filters": [
    {
      "user_id": "busy_worker_student",
      "scenario_id": "semester_overload",
      "domain": "college",
      "action": "micro_start_plan",
      "avg_completion": 43,
      "overwhelm_rate": 15,
      "recommended_structures": [
        "calendar_chunking",
        "micro_start",
        "deadline_risk_map",
        "recovery_buffer"
      ],
      "dominant_verdict": "needs_lower_activation"
    },
    {
      "user_id": "creative_project_user",
      "scenario_id": "make_a_movie",
      "domain": "filmmaking",
      "action": "checkpoint_finish_plan",
      "avg_completion": 60,
      "overwhelm_rate": 75,
      "recommended_structures": [
        "phone_only_mode",
        "15_second_scene",
        "storyboard_3_frames",
        "publishable_microfilm"
      ],
      "dominant_verdict": "needs_finish_support"
    },
    {
      "user_id": "creative_project_user",
      "scenario_id": "semester_overload",
      "domain": "college",
      "action": "recovery_first_plan",
      "avg_completion": 53,
      "overwhelm_rate": 33,
      "recommended_structures": [
        "calendar_chunking",
        "micro_start",
        "deadline_risk_map",
        "recovery_buffer"
      ],
      "dominant_verdict": "needs_recovery_first"
    },
    {
      "user_id": "burnout_user",
      "scenario_id": "startup_validation",
      "domain": "business",
      "action": "recovery_first_plan",
      "avg_completion": 17,
      "overwhelm_rate": 76,
      "recommended_structures": [
        "one_user_profile",
        "landing_page_mvp",
        "interview_script",
        "tiny_offer"
      ],
      "dominant_verdict": "needs_recovery_first"
    },
    {
      "user_id": "adhd_student",
      "scenario_id": "research_paper",
      "domain": "school_assignment",
      "action": "recovery_first_plan",
      "avg_completion": 20,
      "overwhelm_rate": 75,
      "recommended_structures": [
        "bad_first_draft",
        "source_micro_goal",
        "outline_first",
        "checkpoint_rewards"
      ],
      "dominant_verdict": "needs_recovery_first"
    }
  ]
}
Bridge Brain Safe start: 2026-05-07 14:50:01.561432
Using Python interpreter: /home/ubuntu/bridge-engine/venv/bin/python
Running: scripts/automation_runner.py
Running: scripts/reward_loop_engine.py
Running: scripts/context_intelligence_engine.py
Running: scripts/path_effectiveness_engine.py
Running: scripts/adaptive_learning_engine.py
Running: scripts/adaptive_backend_brain.py
Running: scripts/smart_path_simulation_engine.py
Running: scripts/complex_path_simulation_engine.py
Bridge Brain Safe complete: 2026-05-07 14:50:02.320976
{
  "ok": true,
  "ran_at": "2026-05-07 15:00:01",
  "runs": 17,
  "retention": {
    "generated_at": "2026-05-07 15:00:01",
    "total_paths": 1,
    "started_paths": 0,
    "completed_paths": 0,
    "partial_paths": 0,
    "abandoned_paths": 1,
    "total_steps": 4,
    "done_steps": 0,
    "completion_rate": 0,
    "start_rate": 0,
    "feedback_events": 0,
    "overwhelm_events": 0,
    "flow_events": 0,
    "recommended_energy_mode": "focused"
  },
  "actions": [
    {
      "type": "momentum_recovery",
      "title": "Offer a 3-minute restart task for abandoned paths",
      "priority": "high"
    },
    {
      "type": "clarity",
      "title": "Rewrite checkpoints to be more concrete",
      "priority": "high"
    }
  ]
}
{
  "ok": true,
  "ran_at": "2026-05-07 15:00:01",
  "runs": 11,
  "reward_style": "restart_friction_reducer",
  "task_size": "tiny",
  "loops": [
    "Instant Visible Progress",
    "Momentum Continuation",
    "Friction Recovery",
    "Novelty Injection",
    "Identity Reinforcement"
  ]
}
{
  "ok": true,
  "generated_at": "2026-05-07 15:00:01",
  "recommendation": {
    "best_time_of_day": "morning",
    "best_energy_mode": "focused",
    "best_environment": "desk",
    "best_session_length": "medium",
    "recommended_task_mode": "guided_progress",
    "recommended_minutes": 10,
    "message": "Best current pattern: medium guided_progress tasks during morning, ideally in desk mode."
  }
}
{
  "ok": true,
  "generated_at": "2026-05-07 15:00:01",
  "recommendations": [
    {
      "goal_type": "language",
      "action": "improve_activation",
      "message": "This path needs a stronger first visible win and clearer emotional payoff."
    }
  ]
}
{
  "ok": true,
  "generated_at": "2026-05-07 15:00:01",
  "mode": "micro_activation",
  "rules": [
    "Default new tasks into low-friction micro-start format."
  ]
}
{
  "ok": true,
  "generated_at": "2026-05-07 15:00:01",
  "merged_filter_count": 40,
  "promoted": 5,
  "watch": 35,
  "suppressed": 5,
  "path_rules": 28,
  "best_default_features": [
    "visible_artifact",
    "challenge_mode",
    "visual_example",
    "project_first",
    "single_feature_mvp",
    "codex_prompt",
    "deploy_checkpoint",
    "phone_only_mode",
    "15_second_scene",
    "storyboard_3_frames"
  ]
}
{
  "ok": true,
  "generated_at": "2026-05-07 15:00:01",
  "new_events": 60,
  "total_events": 600,
  "filter_count": 10,
  "sample_filters": [
    {
      "user_id": "audio_walking_learner",
      "goal_id": "filmmaking",
      "action": "finish_support",
      "required_features": [
        "audio_mode",
        "walking_mode",
        "visible_artifact"
      ],
      "avoid_features": [],
      "best_modality": "walking",
      "best_difficulty": "medium",
      "completion_rate": 49,
      "start_rate": 85
    },
    {
      "user_id": "audio_walking_learner",
      "goal_id": "web_design",
      "action": "finish_support",
      "required_features": [
        "walking_mode",
        "low_text",
        "challenge_mode"
      ],
      "avoid_features": [],
      "best_modality": "reading",
      "best_difficulty": "medium",
      "completion_rate": 43,
      "start_rate": 91
    },
    {
      "user_id": "adhd_overwhelmed_student",
      "goal_id": "web_design",
      "action": "micro_recovery_first",
      "required_features": [
        "visual_example",
        "walking_mode",
        "low_text"
      ],
      "avoid_features": [],
      "best_modality": "music_supported",
      "best_difficulty": "easy",
      "completion_rate": 32,
      "start_rate": 74
    },
    {
      "user_id": "burnout_recovery_user",
      "goal_id": "web_design",
      "action": "finish_support",
      "required_features": [
        "audio_mode",
        "walking_mode",
        "skill_tree"
      ],
      "avoid_features": [],
      "best_modality": "visual",
      "best_difficulty": "easy",
      "completion_rate": 42,
      "start_rate": 73
    },
    {
      "user_id": "visual_project_learner",
      "goal_id": "filmmaking",
      "action": "balanced",
      "required_features": [
        "project_first",
        "low_text",
        "recovery_mode"
      ],
      "avoid_features": [],
      "best_modality": "audio",
      "best_difficulty": "medium",
      "completion_rate": 63,
      "start_rate": 98
    }
  ]
}
{
  "ok": true,
  "generated_at": "2026-05-07 15:00:02",
  "new_events": 36,
  "total_events": 360,
  "filter_count": 30,
  "sample_filters": [
    {
      "user_id": "busy_worker_student",
      "scenario_id": "semester_overload",
      "domain": "college",
      "action": "micro_start_plan",
      "avg_completion": 43,
      "overwhelm_rate": 15,
      "recommended_structures": [
        "calendar_chunking",
        "micro_start",
        "deadline_risk_map",
        "recovery_buffer"
      ],
      "dominant_verdict": "needs_lower_activation"
    },
    {
      "user_id": "creative_project_user",
      "scenario_id": "make_a_movie",
      "domain": "filmmaking",
      "action": "checkpoint_finish_plan",
      "avg_completion": 58,
      "overwhelm_rate": 76,
      "recommended_structures": [
        "phone_only_mode",
        "15_second_scene",
        "storyboard_3_frames",
        "publishable_microfilm"
      ],
      "dominant_verdict": "needs_finish_support"
    },
    {
      "user_id": "creative_project_user",
      "scenario_id": "semester_overload",
      "domain": "college",
      "action": "recovery_first_plan",
      "avg_completion": 53,
      "overwhelm_rate": 33,
      "recommended_structures": [
        "calendar_chunking",
        "micro_start",
        "deadline_risk_map",
        "recovery_buffer"
      ],
      "dominant_verdict": "needs_recovery_first"
    },
    {
      "user_id": "burnout_user",
      "scenario_id": "startup_validation",
      "domain": "business",
      "action": "recovery_first_plan",
      "avg_completion": 18,
      "overwhelm_rate": 78,
      "recommended_structures": [
        "one_user_profile",
        "landing_page_mvp",
        "interview_script",
        "tiny_offer"
      ],
      "dominant_verdict": "needs_recovery_first"
    },
    {
      "user_id": "adhd_student",
      "scenario_id": "research_paper",
      "domain": "school_assignment",
      "action": "recovery_first_plan",
      "avg_completion": 21,
      "overwhelm_rate": 76,
      "recommended_structures": [
        "bad_first_draft",
        "source_micro_goal",
        "outline_first",
        "checkpoint_rewards"
      ],
      "dominant_verdict": "needs_recovery_first"
    }
  ]
}
Bridge Brain Safe start: 2026-05-07 15:00:01.363586
Using Python interpreter: /home/ubuntu/bridge-engine/venv/bin/python
Running: scripts/automation_runner.py
Running: scripts/reward_loop_engine.py
Running: scripts/context_intelligence_engine.py
Running: scripts/path_effectiveness_engine.py
Running: scripts/adaptive_learning_engine.py
Running: scripts/adaptive_backend_brain.py
Running: scripts/smart_path_simulation_engine.py
Running: scripts/complex_path_simulation_engine.py
Bridge Brain Safe complete: 2026-05-07 15:00:02.138526
{
  "ok": true,
  "ran_at": "2026-05-07 15:10:01",
  "runs": 18,
  "retention": {
    "generated_at": "2026-05-07 15:10:01",
    "total_paths": 1,
    "started_paths": 0,
    "completed_paths": 0,
    "partial_paths": 0,
    "abandoned_paths": 1,
    "total_steps": 4,
    "done_steps": 0,
    "completion_rate": 0,
    "start_rate": 0,
    "feedback_events": 0,
    "overwhelm_events": 0,
    "flow_events": 0,
    "recommended_energy_mode": "focused"
  },
  "actions": [
    {
      "type": "momentum_recovery",
      "title": "Offer a 3-minute restart task for abandoned paths",
      "priority": "high"
    },
    {
      "type": "clarity",
      "title": "Rewrite checkpoints to be more concrete",
      "priority": "high"
    }
  ]
}
{
  "ok": true,
  "ran_at": "2026-05-07 15:10:01",
  "runs": 12,
  "reward_style": "restart_friction_reducer",
  "task_size": "tiny",
  "loops": [
    "Instant Visible Progress",
    "Momentum Continuation",
    "Friction Recovery",
    "Novelty Injection",
    "Identity Reinforcement"
  ]
}
{
  "ok": true,
  "generated_at": "2026-05-07 15:10:01",
  "recommendation": {
    "best_time_of_day": "morning",
    "best_energy_mode": "focused",
    "best_environment": "desk",
    "best_session_length": "medium",
    "recommended_task_mode": "guided_progress",
    "recommended_minutes": 10,
    "message": "Best current pattern: medium guided_progress tasks during morning, ideally in desk mode."
  }
}
{
  "ok": true,
  "generated_at": "2026-05-07 15:10:01",
  "recommendations": [
    {
      "goal_type": "language",
      "action": "improve_activation",
      "message": "This path needs a stronger first visible win and clearer emotional payoff."
    }
  ]
}
{
  "ok": true,
  "generated_at": "2026-05-07 15:10:01",
  "mode": "micro_activation",
  "rules": [
    "Default new tasks into low-friction micro-start format."
  ]
}
{
  "ok": true,
  "generated_at": "2026-05-07 15:10:01",
  "merged_filter_count": 40,
  "promoted": 4,
  "watch": 36,
  "suppressed": 4,
  "path_rules": 29,
  "best_default_features": [
    "visible_artifact",
    "challenge_mode",
    "walking_mode",
    "project_first",
    "music_supported",
    "single_feature_mvp",
    "codex_prompt",
    "deploy_checkpoint",
    "recovery_mode",
    "skill_tree"
  ]
}
{
  "ok": true,
  "generated_at": "2026-05-07 15:10:01",
  "new_events": 60,
  "total_events": 660,
  "filter_count": 10,
  "sample_filters": [
    {
      "user_id": "audio_walking_learner",
      "goal_id": "filmmaking",
      "action": "finish_support",
      "required_features": [
        "walking_mode",
        "audio_mode",
        "visible_artifact"
      ],
      "avoid_features": [],
      "best_modality": "walking",
      "best_difficulty": "easy",
      "completion_rate": 52,
      "start_rate": 86
    },
    {
      "user_id": "audio_walking_learner",
      "goal_id": "web_design",
      "action": "finish_support",
      "required_features": [
        "walking_mode",
        "low_text",
        "challenge_mode"
      ],
      "avoid_features": [],
      "best_modality": "reading",
      "best_difficulty": "medium",
      "completion_rate": 43,
      "start_rate": 90
    },
    {
      "user_id": "adhd_overwhelmed_student",
      "goal_id": "web_design",
      "action": "micro_recovery_first",
      "required_features": [
        "walking_mode",
        "low_text",
        "visual_example"
      ],
      "avoid_features": [],
      "best_modality": "music_supported",
      "best_difficulty": "medium",
      "completion_rate": 29,
      "start_rate": 72
    },
    {
      "user_id": "burnout_recovery_user",
      "goal_id": "web_design",
      "action": "finish_support",
      "required_features": [
        "walking_mode",
        "audio_mode",
        "skill_tree"
      ],
      "avoid_features": [],
      "best_modality": "visual",
      "best_difficulty": "easy",
      "completion_rate": 43,
      "start_rate": 73
    },
    {
      "user_id": "visual_project_learner",
      "goal_id": "filmmaking",
      "action": "balanced",
      "required_features": [
        "project_first",
        "recovery_mode",
        "low_text"
      ],
      "avoid_features": [],
      "best_modality": "audio",
      "best_difficulty": "medium",
      "completion_rate": 65,
      "start_rate": 98
    }
  ]
}
{
  "ok": true,
  "generated_at": "2026-05-07 15:10:02",
  "new_events": 36,
  "total_events": 396,
  "filter_count": 30,
  "sample_filters": [
    {
      "user_id": "busy_worker_student",
      "scenario_id": "semester_overload",
      "domain": "college",
      "action": "micro_start_plan",
      "avg_completion": 43,
      "overwhelm_rate": 15,
      "recommended_structures": [
        "calendar_chunking",
        "micro_start",
        "deadline_risk_map",
        "recovery_buffer"
      ],
      "dominant_verdict": "needs_lower_activation"
    },
    {
      "user_id": "creative_project_user",
      "scenario_id": "make_a_movie",
      "domain": "filmmaking",
      "action": "checkpoint_finish_plan",
      "avg_completion": 59,
      "overwhelm_rate": 64,
      "recommended_structures": [
        "phone_only_mode",
        "15_second_scene",
        "storyboard_3_frames",
        "publishable_microfilm"
      ],
      "dominant_verdict": "needs_finish_support"
    },
    {
      "user_id": "creative_project_user",
      "scenario_id": "semester_overload",
      "domain": "college",
      "action": "checkpoint_finish_plan",
      "avg_completion": 52,
      "overwhelm_rate": 25,
      "recommended_structures": [
        "calendar_chunking",
        "micro_start",
        "deadline_risk_map",
        "recovery_buffer"
      ],
      "dominant_verdict": "needs_finish_support"
    },
    {
      "user_id": "burnout_user",
      "scenario_id": "startup_validation",
      "domain": "business",
      "action": "recovery_first_plan",
      "avg_completion": 18,
      "overwhelm_rate": 78,
      "recommended_structures": [
        "one_user_profile",
        "landing_page_mvp",
        "interview_script",
        "tiny_offer"
      ],
      "dominant_verdict": "needs_recovery_first"
    },
    {
      "user_id": "adhd_student",
      "scenario_id": "research_paper",
      "domain": "school_assignment",
      "action": "recovery_first_plan",
      "avg_completion": 21,
      "overwhelm_rate": 78,
      "recommended_structures": [
        "bad_first_draft",
        "source_micro_goal",
        "outline_first",
        "checkpoint_rewards"
      ],
      "dominant_verdict": "needs_recovery_first"
    }
  ]
}
Bridge Brain Safe start: 2026-05-07 15:10:01.237899
Using Python interpreter: /home/ubuntu/bridge-engine/venv/bin/python
Running: scripts/automation_runner.py
Running: scripts/reward_loop_engine.py
Running: scripts/context_intelligence_engine.py
Running: scripts/path_effectiveness_engine.py
Running: scripts/adaptive_learning_engine.py
Running: scripts/adaptive_backend_brain.py
Running: scripts/smart_path_simulation_engine.py
Running: scripts/complex_path_simulation_engine.py
Bridge Brain Safe complete: 2026-05-07 15:10:02.040786
{
  "ok": true,
  "ran_at": "2026-05-07 15:20:01",
  "runs": 19,
  "retention": {
    "generated_at": "2026-05-07 15:20:01",
    "total_paths": 1,
    "started_paths": 0,
    "completed_paths": 0,
    "partial_paths": 0,
    "abandoned_paths": 1,
    "total_steps": 4,
    "done_steps": 0,
    "completion_rate": 0,
    "start_rate": 0,
    "feedback_events": 0,
    "overwhelm_events": 0,
    "flow_events": 0,
    "recommended_energy_mode": "focused"
  },
  "actions": [
    {
      "type": "momentum_recovery",
      "title": "Offer a 3-minute restart task for abandoned paths",
      "priority": "high"
    },
    {
      "type": "clarity",
      "title": "Rewrite checkpoints to be more concrete",
      "priority": "high"
    }
  ]
}
{
  "ok": true,
  "ran_at": "2026-05-07 15:20:01",
  "runs": 13,
  "reward_style": "restart_friction_reducer",
  "task_size": "tiny",
  "loops": [
    "Instant Visible Progress",
    "Momentum Continuation",
    "Friction Recovery",
    "Novelty Injection",
    "Identity Reinforcement"
  ]
}
{
  "ok": true,
  "generated_at": "2026-05-07 15:20:01",
  "recommendation": {
    "best_time_of_day": "morning",
    "best_energy_mode": "focused",
    "best_environment": "desk",
    "best_session_length": "medium",
    "recommended_task_mode": "guided_progress",
    "recommended_minutes": 10,
    "message": "Best current pattern: medium guided_progress tasks during morning, ideally in desk mode."
  }
}
{
  "ok": true,
  "generated_at": "2026-05-07 15:20:01",
  "recommendations": [
    {
      "goal_type": "language",
      "action": "improve_activation",
      "message": "This path needs a stronger first visible win and clearer emotional payoff."
    }
  ]
}
{
  "ok": true,
  "generated_at": "2026-05-07 15:20:01",
  "mode": "micro_activation",
  "rules": [
    "Default new tasks into low-friction micro-start format."
  ]
}
{
  "ok": true,
  "generated_at": "2026-05-07 15:20:01",
  "merged_filter_count": 40,
  "promoted": 5,
  "watch": 35,
  "suppressed": 3,
  "path_rules": 30,
  "best_default_features": [
    "visible_artifact",
    "challenge_mode",
    "project_first",
    "recovery_mode",
    "walking_mode",
    "music_supported",
    "single_feature_mvp",
    "codex_prompt",
    "deploy_checkpoint",
    "outside_app_ready"
  ]
}
{
  "ok": true,
  "generated_at": "2026-05-07 15:20:01",
  "new_events": 60,
  "total_events": 720,
  "filter_count": 10,
  "sample_filters": [
    {
      "user_id": "audio_walking_learner",
      "goal_id": "filmmaking",
      "action": "finish_support",
      "required_features": [
        "audio_mode",
        "walking_mode",
        "visible_artifact"
      ],
      "avoid_features": [],
      "best_modality": "gamified",
      "best_difficulty": "easy",
      "completion_rate": 54,
      "start_rate": 87
    },
    {
      "user_id": "audio_walking_learner",
      "goal_id": "web_design",
      "action": "finish_support",
      "required_features": [
        "walking_mode",
        "low_text",
        "deadline_aware"
      ],
      "avoid_features": [],
      "best_modality": "reading",
      "best_difficulty": "medium",
      "completion_rate": 46,
      "start_rate": 90
    },
    {
      "user_id": "adhd_overwhelmed_student",
      "goal_id": "web_design",
      "action": "micro_recovery_first",
      "required_features": [
        "walking_mode",
        "visual_example",
        "low_text"
      ],
      "avoid_features": [],
      "best_modality": "music_supported",
      "best_difficulty": "medium",
      "completion_rate": 29,
      "start_rate": 72
    },
    {
      "user_id": "burnout_recovery_user",
      "goal_id": "web_design",
      "action": "finish_support",
      "required_features": [
        "walking_mode",
        "deadline_aware",
        "audio_mode"
      ],
      "avoid_features": [],
      "best_modality": "visual",
      "best_difficulty": "easy",
      "completion_rate": 44,
      "start_rate": 73
    },
    {
      "user_id": "visual_project_learner",
      "goal_id": "filmmaking",
      "action": "balanced",
      "required_features": [
        "project_first",
        "visible_artifact",
        "recovery_mode"
      ],
      "avoid_features": [],
      "best_modality": "audio",
      "best_difficulty": "medium",
      "completion_rate": 63,
      "start_rate": 98
    }
  ]
}
{
  "ok": true,
  "generated_at": "2026-05-07 15:20:01",
  "new_events": 36,
  "total_events": 432,
  "filter_count": 30,
  "sample_filters": [
    {
      "user_id": "busy_worker_student",
      "scenario_id": "semester_overload",
      "domain": "college",
      "action": "micro_start_plan",
      "avg_completion": 44,
      "overwhelm_rate": 21,
      "recommended_structures": [
        "calendar_chunking",
        "micro_start",
        "deadline_risk_map",
        "recovery_buffer"
      ],
      "dominant_verdict": "needs_lower_activation"
    },
    {
      "user_id": "creative_project_user",
      "scenario_id": "make_a_movie",
      "domain": "filmmaking",
      "action": "checkpoint_finish_plan",
      "avg_completion": 59,
      "overwhelm_rate": 61,
      "recommended_structures": [
        "phone_only_mode",
        "15_second_scene",
        "storyboard_3_frames",
        "publishable_microfilm"
      ],
      "dominant_verdict": "needs_finish_support"
    },
    {
      "user_id": "creative_project_user",
      "scenario_id": "semester_overload",
      "domain": "college",
      "action": "checkpoint_finish_plan",
      "avg_completion": 52,
      "overwhelm_rate": 30,
      "recommended_structures": [
        "calendar_chunking",
        "micro_start",
        "deadline_risk_map",
        "recovery_buffer"
      ],
      "dominant_verdict": "needs_finish_support"
    },
    {
      "user_id": "burnout_user",
      "scenario_id": "startup_validation",
      "domain": "business",
      "action": "recovery_first_plan",
      "avg_completion": 18,
      "overwhelm_rate": 64,
      "recommended_structures": [
        "one_user_profile",
        "landing_page_mvp",
        "interview_script",
        "tiny_offer"
      ],
      "dominant_verdict": "needs_recovery_first"
    },
    {
      "user_id": "adhd_student",
      "scenario_id": "research_paper",
      "domain": "school_assignment",
      "action": "recovery_first_plan",
      "avg_completion": 21,
      "overwhelm_rate": 73,
      "recommended_structures": [
        "bad_first_draft",
        "source_micro_goal",
        "outline_first",
        "checkpoint_rewards"
      ],
      "dominant_verdict": "needs_recovery_first"
    }
  ]
}
Bridge Brain Safe start: 2026-05-07 15:20:01.143851
Using Python interpreter: /home/ubuntu/bridge-engine/venv/bin/python
Running: scripts/automation_runner.py
Running: scripts/reward_loop_engine.py
Running: scripts/context_intelligence_engine.py
Running: scripts/path_effectiveness_engine.py
Running: scripts/adaptive_learning_engine.py
Running: scripts/adaptive_backend_brain.py
Running: scripts/smart_path_simulation_engine.py
Running: scripts/complex_path_simulation_engine.py
Bridge Brain Safe complete: 2026-05-07 15:20:02.003747
{
  "ok": true,
  "ran_at": "2026-05-07 15:30:01",
  "runs": 20,
  "retention": {
    "generated_at": "2026-05-07 15:30:01",
    "total_paths": 1,
    "started_paths": 0,
    "completed_paths": 0,
    "partial_paths": 0,
    "abandoned_paths": 1,
    "total_steps": 4,
    "done_steps": 0,
    "completion_rate": 0,
    "start_rate": 0,
    "feedback_events": 0,
    "overwhelm_events": 0,
    "flow_events": 0,
    "recommended_energy_mode": "focused"
  },
  "actions": [
    {
      "type": "momentum_recovery",
      "title": "Offer a 3-minute restart task for abandoned paths",
      "priority": "high"
    },
    {
      "type": "clarity",
      "title": "Rewrite checkpoints to be more concrete",
      "priority": "high"
    }
  ]
}
{
  "ok": true,
  "ran_at": "2026-05-07 15:30:01",
  "runs": 14,
  "reward_style": "restart_friction_reducer",
  "task_size": "tiny",
  "loops": [
    "Instant Visible Progress",
    "Momentum Continuation",
    "Friction Recovery",
    "Novelty Injection",
    "Identity Reinforcement"
  ]
}
{
  "ok": true,
  "generated_at": "2026-05-07 15:30:01",
  "recommendation": {
    "best_time_of_day": "morning",
    "best_energy_mode": "focused",
    "best_environment": "desk",
    "best_session_length": "medium",
    "recommended_task_mode": "guided_progress",
    "recommended_minutes": 10,
    "message": "Best current pattern: medium guided_progress tasks during morning, ideally in desk mode."
  }
}
{
  "ok": true,
  "generated_at": "2026-05-07 15:30:01",
  "recommendations": [
    {
      "goal_type": "language",
      "action": "improve_activation",
      "message": "This path needs a stronger first visible win and clearer emotional payoff."
    }
  ]
}
{
  "ok": true,
  "generated_at": "2026-05-07 15:30:01",
  "mode": "micro_activation",
  "rules": [
    "Default new tasks into low-friction micro-start format."
  ]
}
{
  "ok": true,
  "generated_at": "2026-05-07 15:30:01",
  "merged_filter_count": 40,
  "promoted": 4,
  "watch": 36,
  "suppressed": 3,
  "path_rules": 29,
  "best_default_features": [
    "visible_artifact",
    "challenge_mode",
    "walking_mode",
    "project_first",
    "single_feature_mvp",
    "codex_prompt",
    "deploy_checkpoint",
    "recovery_mode"
  ]
}
{
  "ok": true,
  "generated_at": "2026-05-07 15:30:01",
  "new_events": 60,
  "total_events": 780,
  "filter_count": 10,
  "sample_filters": [
    {
      "user_id": "audio_walking_learner",
      "goal_id": "filmmaking",
      "action": "balanced",
      "required_features": [
        "audio_mode",
        "walking_mode",
        "visible_artifact"
      ],
      "avoid_features": [],
      "best_modality": "gamified",
      "best_difficulty": "easy",
      "completion_rate": 55,
      "start_rate": 87
    },
    {
      "user_id": "audio_walking_learner",
      "goal_id": "web_design",
      "action": "finish_support",
      "required_features": [
        "walking_mode",
        "low_text",
        "deadline_aware"
      ],
      "avoid_features": [],
      "best_modality": "reading",
      "best_difficulty": "medium",
      "completion_rate": 45,
      "start_rate": 88
    },
    {
      "user_id": "adhd_overwhelmed_student",
      "goal_id": "web_design",
      "action": "micro_recovery_first",
      "required_features": [
        "walking_mode",
        "visual_example",
        "outside_app_ready"
      ],
      "avoid_features": [],
      "best_modality": "music_supported",
      "best_difficulty": "medium",
      "completion_rate": 27,
      "start_rate": 71
    },
    {
      "user_id": "burnout_recovery_user",
      "goal_id": "web_design",
      "action": "finish_support",
      "required_features": [
        "walking_mode",
        "deadline_aware",
        "audio_mode"
      ],
      "avoid_features": [],
      "best_modality": "visual",
      "best_difficulty": "easy",
      "completion_rate": 44,
      "start_rate": 74
    },
    {
      "user_id": "visual_project_learner",
      "goal_id": "filmmaking",
      "action": "balanced",
      "required_features": [
        "recovery_mode",
        "project_first",
        "visible_artifact"
      ],
      "avoid_features": [],
      "best_modality": "audio",
      "best_difficulty": "hard",
      "completion_rate": 65,
      "start_rate": 98
    }
  ]
}
{
  "ok": true,
  "generated_at": "2026-05-07 15:30:01",
  "new_events": 36,
  "total_events": 468,
  "filter_count": 30,
  "sample_filters": [
    {
      "user_id": "busy_worker_student",
      "scenario_id": "semester_overload",
      "domain": "college",
      "action": "micro_start_plan",
      "avg_completion": 45,
      "overwhelm_rate": 26,
      "recommended_structures": [
        "calendar_chunking",
        "micro_start",
        "deadline_risk_map",
        "recovery_buffer"
      ],
      "dominant_verdict": "needs_lower_activation"
    },
    {
      "user_id": "creative_project_user",
      "scenario_id": "make_a_movie",
      "domain": "filmmaking",
      "action": "checkpoint_finish_plan",
      "avg_completion": 59,
      "overwhelm_rate": 61,
      "recommended_structures": [
        "phone_only_mode",
        "15_second_scene",
        "storyboard_3_frames",
        "publishable_microfilm"
      ],
      "dominant_verdict": "needs_finish_support"
    },
    {
      "user_id": "creative_project_user",
      "scenario_id": "semester_overload",
      "domain": "college",
      "action": "checkpoint_finish_plan",
      "avg_completion": 49,
      "overwhelm_rate": 27,
      "recommended_structures": [
        "calendar_chunking",
        "micro_start",
        "deadline_risk_map",
        "recovery_buffer"
      ],
      "dominant_verdict": "needs_finish_support"
    },
    {
      "user_id": "burnout_user",
      "scenario_id": "startup_validation",
      "domain": "business",
      "action": "recovery_first_plan",
      "avg_completion": 18,
      "overwhelm_rate": 64,
      "recommended_structures": [
        "one_user_profile",
        "landing_page_mvp",
        "interview_script",
        "tiny_offer"
      ],
      "dominant_verdict": "needs_recovery_first"
    },
    {
      "user_id": "adhd_student",
      "scenario_id": "research_paper",
      "domain": "school_assignment",
      "action": "recovery_first_plan",
      "avg_completion": 22,
      "overwhelm_rate": 64,
      "recommended_structures": [
        "bad_first_draft",
        "source_micro_goal",
        "outline_first",
        "checkpoint_rewards"
      ],
      "dominant_verdict": "needs_recovery_first"
    }
  ]
}
Bridge Brain Safe start: 2026-05-07 15:30:01.049348
Using Python interpreter: /home/ubuntu/bridge-engine/venv/bin/python
Running: scripts/automation_runner.py
Running: scripts/reward_loop_engine.py
Running: scripts/context_intelligence_engine.py
Running: scripts/path_effectiveness_engine.py
Running: scripts/adaptive_learning_engine.py
Running: scripts/adaptive_backend_brain.py
Running: scripts/smart_path_simulation_engine.py
Running: scripts/complex_path_simulation_engine.py
Bridge Brain Safe complete: 2026-05-07 15:30:01.913837
{
  "ok": true,
  "ran_at": "2026-05-07 15:40:02",
  "runs": 21,
  "retention": {
    "generated_at": "2026-05-07 15:40:02",
    "total_paths": 1,
    "started_paths": 0,
    "completed_paths": 0,
    "partial_paths": 0,
    "abandoned_paths": 1,
    "total_steps": 4,
    "done_steps": 0,
    "completion_rate": 0,
    "start_rate": 0,
    "feedback_events": 0,
    "overwhelm_events": 0,
    "flow_events": 0,
    "recommended_energy_mode": "focused"
  },
  "actions": [
    {
      "type": "momentum_recovery",
      "title": "Offer a 3-minute restart task for abandoned paths",
      "priority": "high"
    },
    {
      "type": "clarity",
      "title": "Rewrite checkpoints to be more concrete",
      "priority": "high"
    }
  ]
}
{
  "ok": true,
  "ran_at": "2026-05-07 15:40:02",
  "runs": 15,
  "reward_style": "restart_friction_reducer",
  "task_size": "tiny",
  "loops": [
    "Instant Visible Progress",
    "Momentum Continuation",
    "Friction Recovery",
    "Novelty Injection",
    "Identity Reinforcement"
  ]
}
{
  "ok": true,
  "generated_at": "2026-05-07 15:40:02",
  "recommendation": {
    "best_time_of_day": "morning",
    "best_energy_mode": "focused",
    "best_environment": "desk",
    "best_session_length": "medium",
    "recommended_task_mode": "guided_progress",
    "recommended_minutes": 10,
    "message": "Best current pattern: medium guided_progress tasks during morning, ideally in desk mode."
  }
}
{
  "ok": true,
  "generated_at": "2026-05-07 15:40:02",
  "recommendations": [
    {
      "goal_type": "language",
      "action": "improve_activation",
      "message": "This path needs a stronger first visible win and clearer emotional payoff."
    }
  ]
}
{
  "ok": true,
  "generated_at": "2026-05-07 15:40:02",
  "mode": "micro_activation",
  "rules": [
    "Default new tasks into low-friction micro-start format."
  ]
}
{
  "ok": true,
  "generated_at": "2026-05-07 15:40:02",
  "merged_filter_count": 40,
  "promoted": 5,
  "watch": 35,
  "suppressed": 3,
  "path_rules": 28,
  "best_default_features": [
    "visible_artifact",
    "challenge_mode",
    "recovery_mode",
    "walking_mode",
    "music_supported",
    "single_feature_mvp",
    "codex_prompt",
    "deploy_checkpoint",
    "project_first"
  ]
}
{
  "ok": true,
  "generated_at": "2026-05-07 15:40:02",
  "new_events": 60,
  "total_events": 840,
  "filter_count": 10,
  "sample_filters": [
    {
      "user_id": "audio_walking_learner",
      "goal_id": "filmmaking",
      "action": "balanced",
      "required_features": [
        "audio_mode",
        "walking_mode",
        "visible_artifact"
      ],
      "avoid_features": [],
      "best_modality": "gamified",
      "best_difficulty": "easy",
      "completion_rate": 55,
      "start_rate": 88
    },
    {
      "user_id": "audio_walking_learner",
      "goal_id": "web_design",
      "action": "finish_support",
      "required_features": [
        "walking_mode",
        "low_text",
        "deadline_aware"
      ],
      "avoid_features": [],
      "best_modality": "reading",
      "best_difficulty": "medium",
      "completion_rate": 48,
      "start_rate": 88
    },
    {
      "user_id": "adhd_overwhelmed_student",
      "goal_id": "web_design",
      "action": "micro_recovery_first",
      "required_features": [
        "walking_mode",
        "outside_app_ready",
        "visual_example"
      ],
      "avoid_features": [],
      "best_modality": "music_supported",
      "best_difficulty": "easy",
      "completion_rate": 27,
      "start_rate": 68
    },
    {
      "user_id": "burnout_recovery_user",
      "goal_id": "web_design",
      "action": "finish_support",
      "required_features": [
        "walking_mode",
        "deadline_aware",
        "skill_tree"
      ],
      "avoid_features": [],
      "best_modality": "visual",
      "best_difficulty": "easy",
      "completion_rate": 41,
      "start_rate": 71
    },
    {
      "user_id": "visual_project_learner",
      "goal_id": "filmmaking",
      "action": "challenge_and_scale",
      "required_features": [
        "low_text",
        "audio_mode",
        "recovery_mode"
      ],
      "avoid_features": [],
      "best_modality": "audio",
      "best_difficulty": "hard",
      "completion_rate": 66,
      "start_rate": 97
    }
  ]
}
{
  "ok": true,
  "generated_at": "2026-05-07 15:40:02",
  "new_events": 36,
  "total_events": 504,
  "filter_count": 30,
  "sample_filters": [
    {
      "user_id": "busy_worker_student",
      "scenario_id": "semester_overload",
      "domain": "college",
      "action": "micro_start_plan",
      "avg_completion": 48,
      "overwhelm_rate": 25,
      "recommended_structures": [
        "calendar_chunking",
        "micro_start",
        "deadline_risk_map",
        "recovery_buffer"
      ],
      "dominant_verdict": "needs_lower_activation"
    },
    {
      "user_id": "creative_project_user",
      "scenario_id": "make_a_movie",
      "domain": "filmmaking",
      "action": "checkpoint_finish_plan",
      "avg_completion": 59,
      "overwhelm_rate": 65,
      "recommended_structures": [
        "phone_only_mode",
        "15_second_scene",
        "storyboard_3_frames",
        "publishable_microfilm"
      ],
      "dominant_verdict": "needs_finish_support"
    },
    {
      "user_id": "creative_project_user",
      "scenario_id": "semester_overload",
      "domain": "college",
      "action": "checkpoint_finish_plan",
      "avg_completion": 50,
      "overwhelm_rate": 28,
      "recommended_structures": [
        "calendar_chunking",
        "micro_start",
        "deadline_risk_map",
        "recovery_buffer"
      ],
      "dominant_verdict": "needs_finish_support"
    },
    {
      "user_id": "burnout_user",
      "scenario_id": "startup_validation",
      "domain": "business",
      "action": "recovery_first_plan",
      "avg_completion": 18,
      "overwhelm_rate": 64,
      "recommended_structures": [
        "one_user_profile",
        "landing_page_mvp",
        "interview_script",
        "tiny_offer"
      ],
      "dominant_verdict": "needs_recovery_first"
    },
    {
      "user_id": "adhd_student",
      "scenario_id": "research_paper",
      "domain": "school_assignment",
      "action": "recovery_first_plan",
      "avg_completion": 22,
      "overwhelm_rate": 61,
      "recommended_structures": [
        "bad_first_draft",
        "source_micro_goal",
        "outline_first",
        "checkpoint_rewards"
      ],
      "dominant_verdict": "needs_recovery_first"
    }
  ]
}
Bridge Brain Safe start: 2026-05-07 15:40:01.957679
Using Python interpreter: /home/ubuntu/bridge-engine/venv/bin/python
Running: scripts/automation_runner.py
Running: scripts/reward_loop_engine.py
Running: scripts/context_intelligence_engine.py
Running: scripts/path_effectiveness_engine.py
Running: scripts/adaptive_learning_engine.py
Running: scripts/adaptive_backend_brain.py
Running: scripts/smart_path_simulation_engine.py
Running: scripts/complex_path_simulation_engine.py
Bridge Brain Safe complete: 2026-05-07 15:40:02.815475
{
  "ok": true,
  "ran_at": "2026-05-07 15:50:01",
  "runs": 22,
  "retention": {
    "generated_at": "2026-05-07 15:50:01",
    "total_paths": 1,
    "started_paths": 0,
    "completed_paths": 0,
    "partial_paths": 0,
    "abandoned_paths": 1,
    "total_steps": 4,
    "done_steps": 0,
    "completion_rate": 0,
    "start_rate": 0,
    "feedback_events": 0,
    "overwhelm_events": 0,
    "flow_events": 0,
    "recommended_energy_mode": "focused"
  },
  "actions": [
    {
      "type": "momentum_recovery",
      "title": "Offer a 3-minute restart task for abandoned paths",
      "priority": "high"
    },
    {
      "type": "clarity",
      "title": "Rewrite checkpoints to be more concrete",
      "priority": "high"
    }
  ]
}
{
  "ok": true,
  "ran_at": "2026-05-07 15:50:01",
  "runs": 16,
  "reward_style": "restart_friction_reducer",
  "task_size": "tiny",
  "loops": [
    "Instant Visible Progress",
    "Momentum Continuation",
    "Friction Recovery",
    "Novelty Injection",
    "Identity Reinforcement"
  ]
}
{
  "ok": true,
  "generated_at": "2026-05-07 15:50:02",
  "recommendation": {
    "best_time_of_day": "morning",
    "best_energy_mode": "focused",
    "best_environment": "desk",
    "best_session_length": "medium",
    "recommended_task_mode": "guided_progress",
    "recommended_minutes": 10,
    "message": "Best current pattern: medium guided_progress tasks during morning, ideally in desk mode."
  }
}
{
  "ok": true,
  "generated_at": "2026-05-07 15:50:02",
  "recommendations": [
    {
      "goal_type": "language",
      "action": "improve_activation",
      "message": "This path needs a stronger first visible win and clearer emotional payoff."
    }
  ]
}
{
  "ok": true,
  "generated_at": "2026-05-07 15:50:02",
  "mode": "micro_activation",
  "rules": [
    "Default new tasks into low-friction micro-start format."
  ]
}
{
  "ok": true,
  "generated_at": "2026-05-07 15:50:02",
  "merged_filter_count": 40,
  "promoted": 5,
  "watch": 35,
  "suppressed": 3,
  "path_rules": 28,
  "best_default_features": [
    "visible_artifact",
    "challenge_mode",
    "recovery_mode",
    "walking_mode",
    "music_supported",
    "single_feature_mvp",
    "codex_prompt",
    "deploy_checkpoint",
    "low_text",
    "audio_mode"
  ]
}
{
  "ok": true,
  "generated_at": "2026-05-07 15:50:02",
  "new_events": 60,
  "total_events": 900,
  "filter_count": 10,
  "sample_filters": [
    {
      "user_id": "audio_walking_learner",
      "goal_id": "filmmaking",
      "action": "finish_support",
      "required_features": [
        "audio_mode",
        "walking_mode",
        "visible_artifact"
      ],
      "avoid_features": [],
      "best_modality": "gamified",
      "best_difficulty": "easy",
      "completion_rate": 54,
      "start_rate": 88
    },
    {
      "user_id": "audio_walking_learner",
      "goal_id": "web_design",
      "action": "finish_support",
      "required_features": [
        "walking_mode",
        "low_text",
        "deadline_aware"
      ],
      "avoid_features": [],
      "best_modality": "reading",
      "best_difficulty": "medium",
      "completion_rate": 48,
      "start_rate": 88
    },
    {
      "user_id": "adhd_overwhelmed_student",
      "goal_id": "web_design",
      "action": "micro_recovery_first",
      "required_features": [
        "walking_mode",
        "outside_app_ready",
        "low_text"
      ],
      "avoid_features": [],
      "best_modality": "music_supported",
      "best_difficulty": "medium",
      "completion_rate": 28,
      "start_rate": 69
    },
    {
      "user_id": "burnout_recovery_user",
      "goal_id": "web_design",
      "action": "finish_support",
      "required_features": [
        "walking_mode",
        "audio_mode",
        "deadline_aware"
      ],
      "avoid_features": [],
      "best_modality": "visual",
      "best_difficulty": "easy",
      "completion_rate": 41,
      "start_rate": 72
    },
    {
      "user_id": "visual_project_learner",
      "goal_id": "filmmaking",
      "action": "challenge_and_scale",
      "required_features": [
        "low_text",
        "audio_mode",
        "visible_artifact"
      ],
      "avoid_features": [],
      "best_modality": "audio",
      "best_difficulty": "medium",
      "completion_rate": 66,
      "start_rate": 97
    }
  ]
}
{
  "ok": true,
  "generated_at": "2026-05-07 15:50:02",
  "new_events": 36,
  "total_events": 540,
  "filter_count": 30,
  "sample_filters": [
    {
      "user_id": "busy_worker_student",
      "scenario_id": "semester_overload",
      "domain": "college",
      "action": "micro_start_plan",
      "avg_completion": 48,
      "overwhelm_rate": 25,
      "recommended_structures": [
        "calendar_chunking",
        "micro_start",
        "deadline_risk_map",
        "recovery_buffer"
      ],
      "dominant_verdict": "needs_lower_activation"
    },
    {
      "user_id": "creative_project_user",
      "scenario_id": "make_a_movie",
      "domain": "filmmaking",
      "action": "checkpoint_finish_plan",
      "avg_completion": 61,
      "overwhelm_rate": 66,
      "recommended_structures": [
        "phone_only_mode",
        "15_second_scene",
        "storyboard_3_frames",
        "publishable_microfilm"
      ],
      "dominant_verdict": "needs_finish_support"
    },
    {
      "user_id": "creative_project_user",
      "scenario_id": "semester_overload",
      "domain": "college",
      "action": "checkpoint_finish_plan",
      "avg_completion": 50,
      "overwhelm_rate": 26,
      "recommended_structures": [
        "calendar_chunking",
        "micro_start",
        "deadline_risk_map",
        "recovery_buffer"
      ],
      "dominant_verdict": "needs_finish_support"
    },
    {
      "user_id": "burnout_user",
      "scenario_id": "startup_validation",
      "domain": "business",
      "action": "recovery_first_plan",
      "avg_completion": 17,
      "overwhelm_rate": 66,
      "recommended_structures": [
        "one_user_profile",
        "landing_page_mvp",
        "interview_script",
        "tiny_offer"
      ],
      "dominant_verdict": "needs_recovery_first"
    },
    {
      "user_id": "adhd_student",
      "scenario_id": "research_paper",
      "domain": "school_assignment",
      "action": "recovery_first_plan",
      "avg_completion": 22,
      "overwhelm_rate": 61,
      "recommended_structures": [
        "bad_first_draft",
        "source_micro_goal",
        "outline_first",
        "checkpoint_rewards"
      ],
      "dominant_verdict": "needs_recovery_first"
    }
  ]
}
Bridge Brain Safe start: 2026-05-07 15:50:01.857920
Using Python interpreter: /home/ubuntu/bridge-engine/venv/bin/python
Running: scripts/automation_runner.py
Running: scripts/reward_loop_engine.py
Running: scripts/context_intelligence_engine.py
Running: scripts/path_effectiveness_engine.py
Running: scripts/adaptive_learning_engine.py
Running: scripts/adaptive_backend_brain.py
Running: scripts/smart_path_simulation_engine.py
Running: scripts/complex_path_simulation_engine.py
Bridge Brain Safe complete: 2026-05-07 15:50:02.728731
{
  "ok": true,
  "ran_at": "2026-05-07 16:00:01",
  "runs": 23,
  "retention": {
    "generated_at": "2026-05-07 16:00:01",
    "total_paths": 1,
    "started_paths": 0,
    "completed_paths": 0,
    "partial_paths": 0,
    "abandoned_paths": 1,
    "total_steps": 4,
    "done_steps": 0,
    "completion_rate": 0,
    "start_rate": 0,
    "feedback_events": 0,
    "overwhelm_events": 0,
    "flow_events": 0,
    "recommended_energy_mode": "focused"
  },
  "actions": [
    {
      "type": "momentum_recovery",
      "title": "Offer a 3-minute restart task for abandoned paths",
      "priority": "high"
    },
    {
      "type": "clarity",
      "title": "Rewrite checkpoints to be more concrete",
      "priority": "high"
    }
  ]
}
{
  "ok": true,
  "ran_at": "2026-05-07 16:00:01",
  "runs": 17,
  "reward_style": "restart_friction_reducer",
  "task_size": "tiny",
  "loops": [
    "Instant Visible Progress",
    "Momentum Continuation",
    "Friction Recovery",
    "Novelty Injection",
    "Identity Reinforcement"
  ]
}
{
  "ok": true,
  "generated_at": "2026-05-07 16:00:02",
  "recommendation": {
    "best_time_of_day": "morning",
    "best_energy_mode": "focused",
    "best_environment": "desk",
    "best_session_length": "medium",
    "recommended_task_mode": "guided_progress",
    "recommended_minutes": 10,
    "message": "Best current pattern: medium guided_progress tasks during morning, ideally in desk mode."
  }
}
{
  "ok": true,
  "generated_at": "2026-05-07 16:00:02",
  "recommendations": [
    {
      "goal_type": "language",
      "action": "improve_activation",
      "message": "This path needs a stronger first visible win and clearer emotional payoff."
    }
  ]
}
{
  "ok": true,
  "generated_at": "2026-05-07 16:00:02",
  "mode": "micro_activation",
  "rules": [
    "Default new tasks into low-friction micro-start format."
  ]
}
{
  "ok": true,
  "generated_at": "2026-05-07 16:00:02",
  "merged_filter_count": 40,
  "promoted": 5,
  "watch": 35,
  "suppressed": 3,
  "path_rules": 27,
  "best_default_features": [
    "visible_artifact",
    "challenge_mode",
    "walking_mode",
    "project_first",
    "recovery_mode",
    "micro_start",
    "single_feature_mvp",
    "codex_prompt",
    "deploy_checkpoint",
    "low_text"
  ]
}
{
  "ok": true,
  "generated_at": "2026-05-07 16:00:02",
  "new_events": 60,
  "total_events": 960,
  "filter_count": 10,
  "sample_filters": [
    {
      "user_id": "audio_walking_learner",
      "goal_id": "filmmaking",
      "action": "balanced",
      "required_features": [
        "audio_mode",
        "walking_mode",
        "clear_checkpoint"
      ],
      "avoid_features": [],
      "best_modality": "gamified",
      "best_difficulty": "medium",
      "completion_rate": 55,
      "start_rate": 86
    },
    {
      "user_id": "audio_walking_learner",
      "goal_id": "web_design",
      "action": "finish_support",
      "required_features": [
        "walking_mode",
        "low_text",
        "deadline_aware"
      ],
      "avoid_features": [],
      "best_modality": "reading",
      "best_difficulty": "medium",
      "completion_rate": 50,
      "start_rate": 88
    },
    {
      "user_id": "adhd_overwhelmed_student",
      "goal_id": "web_design",
      "action": "micro_recovery_first",
      "required_features": [
        "walking_mode",
        "low_text",
        "visual_example"
      ],
      "avoid_features": [],
      "best_modality": "walking",
      "best_difficulty": "medium",
      "completion_rate": 26,
      "start_rate": 67
    },
    {
      "user_id": "burnout_recovery_user",
      "goal_id": "web_design",
      "action": "finish_support",
      "required_features": [
        "walking_mode",
        "deadline_aware",
        "audio_mode"
      ],
      "avoid_features": [],
      "best_modality": "visual",
      "best_difficulty": "medium",
      "completion_rate": 41,
      "start_rate": 73
    },
    {
      "user_id": "visual_project_learner",
      "goal_id": "filmmaking",
      "action": "balanced",
      "required_features": [
        "visible_artifact",
        "project_first",
        "recovery_mode"
      ],
      "avoid_features": [],
      "best_modality": "audio",
      "best_difficulty": "hard",
      "completion_rate": 65,
      "start_rate": 97
    }
  ]
}
{
  "ok": true,
  "generated_at": "2026-05-07 16:00:02",
  "new_events": 36,
  "total_events": 576,
  "filter_count": 30,
  "sample_filters": [
    {
      "user_id": "busy_worker_student",
      "scenario_id": "semester_overload",
      "domain": "college",
      "action": "micro_start_plan",
      "avg_completion": 48,
      "overwhelm_rate": 25,
      "recommended_structures": [
        "calendar_chunking",
        "micro_start",
        "deadline_risk_map",
        "recovery_buffer"
      ],
      "dominant_verdict": "needs_lower_activation"
    },
    {
      "user_id": "creative_project_user",
      "scenario_id": "make_a_movie",
      "domain": "filmmaking",
      "action": "checkpoint_finish_plan",
      "avg_completion": 61,
      "overwhelm_rate": 66,
      "recommended_structures": [
        "phone_only_mode",
        "15_second_scene",
        "storyboard_3_frames",
        "publishable_microfilm"
      ],
      "dominant_verdict": "needs_finish_support"
    },
    {
      "user_id": "creative_project_user",
      "scenario_id": "semester_overload",
      "domain": "college",
      "action": "checkpoint_finish_plan",
      "avg_completion": 52,
      "overwhelm_rate": 25,
      "recommended_structures": [
        "calendar_chunking",
        "micro_start",
        "deadline_risk_map",
        "recovery_buffer"
      ],
      "dominant_verdict": "needs_finish_support"
    },
    {
      "user_id": "burnout_user",
      "scenario_id": "startup_validation",
      "domain": "business",
      "action": "recovery_first_plan",
      "avg_completion": 18,
      "overwhelm_rate": 60,
      "recommended_structures": [
        "one_user_profile",
        "landing_page_mvp",
        "interview_script",
        "tiny_offer"
      ],
      "dominant_verdict": "needs_recovery_first"
    },
    {
      "user_id": "adhd_student",
      "scenario_id": "research_paper",
      "domain": "school_assignment",
      "action": "recovery_first_plan",
      "avg_completion": 22,
      "overwhelm_rate": 61,
      "recommended_structures": [
        "bad_first_draft",
        "source_micro_goal",
        "outline_first",
        "checkpoint_rewards"
      ],
      "dominant_verdict": "needs_recovery_first"
    }
  ]
}
Bridge Brain Safe start: 2026-05-07 16:00:01.773080
Using Python interpreter: /home/ubuntu/bridge-engine/venv/bin/python
Running: scripts/automation_runner.py
Running: scripts/reward_loop_engine.py
Running: scripts/context_intelligence_engine.py
Running: scripts/path_effectiveness_engine.py
Running: scripts/adaptive_learning_engine.py
Running: scripts/adaptive_backend_brain.py
Running: scripts/smart_path_simulation_engine.py
Running: scripts/complex_path_simulation_engine.py
Bridge Brain Safe complete: 2026-05-07 16:00:02.706507
{
  "ok": true,
  "ran_at": "2026-05-07 16:10:01",
  "runs": 24,
  "retention": {
    "generated_at": "2026-05-07 16:10:01",
    "total_paths": 1,
    "started_paths": 0,
    "completed_paths": 0,
    "partial_paths": 0,
    "abandoned_paths": 1,
    "total_steps": 4,
    "done_steps": 0,
    "completion_rate": 0,
    "start_rate": 0,
    "feedback_events": 0,
    "overwhelm_events": 0,
    "flow_events": 0,
    "recommended_energy_mode": "focused"
  },
  "actions": [
    {
      "type": "momentum_recovery",
      "title": "Offer a 3-minute restart task for abandoned paths",
      "priority": "high"
    },
    {
      "type": "clarity",
      "title": "Rewrite checkpoints to be more concrete",
      "priority": "high"
    }
  ]
}
{
  "ok": true,
  "ran_at": "2026-05-07 16:10:01",
  "runs": 18,
  "reward_style": "restart_friction_reducer",
  "task_size": "tiny",
  "loops": [
    "Instant Visible Progress",
    "Momentum Continuation",
    "Friction Recovery",
    "Novelty Injection",
    "Identity Reinforcement"
  ]
}
{
  "ok": true,
  "generated_at": "2026-05-07 16:10:01",
  "recommendation": {
    "best_time_of_day": "morning",
    "best_energy_mode": "focused",
    "best_environment": "desk",
    "best_session_length": "medium",
    "recommended_task_mode": "guided_progress",
    "recommended_minutes": 10,
    "message": "Best current pattern: medium guided_progress tasks during morning, ideally in desk mode."
  }
}
{
  "ok": true,
  "generated_at": "2026-05-07 16:10:02",
  "recommendations": [
    {
      "goal_type": "language",
      "action": "improve_activation",
      "message": "This path needs a stronger first visible win and clearer emotional payoff."
    }
  ]
}
{
  "ok": true,
  "generated_at": "2026-05-07 16:10:02",
  "mode": "micro_activation",
  "rules": [
    "Default new tasks into low-friction micro-start format."
  ]
}
{
  "ok": true,
  "generated_at": "2026-05-07 16:10:02",
  "merged_filter_count": 40,
  "promoted": 3,
  "watch": 37,
  "suppressed": 3,
  "path_rules": 27,
  "best_default_features": [
    "visible_artifact",
    "challenge_mode",
    "walking_mode",
    "project_first",
    "recovery_mode",
    "micro_start"
  ]
}
{
  "ok": true,
  "generated_at": "2026-05-07 16:10:02",
  "new_events": 60,
  "total_events": 1020,
  "filter_count": 10,
  "sample_filters": [
    {
      "user_id": "audio_walking_learner",
      "goal_id": "filmmaking",
      "action": "balanced",
      "required_features": [
        "audio_mode",
        "walking_mode",
        "clear_checkpoint"
      ],
      "avoid_features": [],
      "best_modality": "audio",
      "best_difficulty": "medium",
      "completion_rate": 55,
      "start_rate": 86
    },
    {
      "user_id": "audio_walking_learner",
      "goal_id": "web_design",
      "action": "finish_support",
      "required_features": [
        "walking_mode",
        "deadline_aware",
        "low_text"
      ],
      "avoid_features": [],
      "best_modality": "reading",
      "best_difficulty": "medium",
      "completion_rate": 50,
      "start_rate": 87
    },
    {
      "user_id": "adhd_overwhelmed_student",
      "goal_id": "web_design",
      "action": "micro_recovery_first",
      "required_features": [
        "walking_mode",
        "visual_example",
        "low_text"
      ],
      "avoid_features": [],
      "best_modality": "walking",
      "best_difficulty": "medium",
      "completion_rate": 25,
      "start_rate": 65
    },
    {
      "user_id": "burnout_recovery_user",
      "goal_id": "web_design",
      "action": "finish_support",
      "required_features": [
        "walking_mode",
        "deadline_aware",
        "audio_mode"
      ],
      "avoid_features": [],
      "best_modality": "visual",
      "best_difficulty": "easy",
      "completion_rate": 42,
      "start_rate": 73
    },
    {
      "user_id": "visual_project_learner",
      "goal_id": "filmmaking",
      "action": "balanced",
      "required_features": [
        "project_first",
        "visible_artifact",
        "recovery_mode"
      ],
      "avoid_features": [],
      "best_modality": "reading",
      "best_difficulty": "medium",
      "completion_rate": 65,
      "start_rate": 95
    }
  ]
}
{
  "ok": true,
  "generated_at": "2026-05-07 16:10:02",
  "new_events": 36,
  "total_events": 612,
  "filter_count": 30,
  "sample_filters": [
    {
      "user_id": "busy_worker_student",
      "scenario_id": "semester_overload",
      "domain": "college",
      "action": "micro_start_plan",
      "avg_completion": 48,
      "overwhelm_rate": 25,
      "recommended_structures": [
        "calendar_chunking",
        "micro_start",
        "deadline_risk_map",
        "recovery_buffer"
      ],
      "dominant_verdict": "needs_lower_activation"
    },
    {
      "user_id": "creative_project_user",
      "scenario_id": "make_a_movie",
      "domain": "filmmaking",
      "action": "checkpoint_finish_plan",
      "avg_completion": 61,
      "overwhelm_rate": 66,
      "recommended_structures": [
        "phone_only_mode",
        "15_second_scene",
        "storyboard_3_frames",
        "publishable_microfilm"
      ],
      "dominant_verdict": "needs_finish_support"
    },
    {
      "user_id": "creative_project_user",
      "scenario_id": "semester_overload",
      "domain": "college",
      "action": "checkpoint_finish_plan",
      "avg_completion": 54,
      "overwhelm_rate": 23,
      "recommended_structures": [
        "calendar_chunking",
        "micro_start",
        "deadline_risk_map",
        "recovery_buffer"
      ],
      "dominant_verdict": "needs_finish_support"
    },
    {
      "user_id": "burnout_user",
      "scenario_id": "startup_validation",
      "domain": "business",
      "action": "recovery_first_plan",
      "avg_completion": 17,
      "overwhelm_rate": 61,
      "recommended_structures": [
        "one_user_profile",
        "landing_page_mvp",
        "interview_script",
        "tiny_offer"
      ],
      "dominant_verdict": "needs_recovery_first"
    },
    {
      "user_id": "adhd_student",
      "scenario_id": "research_paper",
      "domain": "school_assignment",
      "action": "recovery_first_plan",
      "avg_completion": 24,
      "overwhelm_rate": 63,
      "recommended_structures": [
        "bad_first_draft",
        "source_micro_goal",
        "outline_first",
        "checkpoint_rewards"
      ],
      "dominant_verdict": "needs_recovery_first"
    }
  ]
}
Bridge Brain Safe start: 2026-05-07 16:10:01.750168
Using Python interpreter: /home/ubuntu/bridge-engine/venv/bin/python
Running: scripts/automation_runner.py
Running: scripts/reward_loop_engine.py
Running: scripts/context_intelligence_engine.py
Running: scripts/path_effectiveness_engine.py
Running: scripts/adaptive_learning_engine.py
Running: scripts/adaptive_backend_brain.py
Running: scripts/smart_path_simulation_engine.py
Running: scripts/complex_path_simulation_engine.py
Bridge Brain Safe complete: 2026-05-07 16:10:02.696608
{
  "ok": true,
  "ran_at": "2026-05-07 16:20:01",
  "runs": 25,
  "retention": {
    "generated_at": "2026-05-07 16:20:01",
    "total_paths": 1,
    "started_paths": 0,
    "completed_paths": 0,
    "partial_paths": 0,
    "abandoned_paths": 1,
    "total_steps": 4,
    "done_steps": 0,
    "completion_rate": 0,
    "start_rate": 0,
    "feedback_events": 0,
    "overwhelm_events": 0,
    "flow_events": 0,
    "recommended_energy_mode": "focused"
  },
  "actions": [
    {
      "type": "momentum_recovery",
      "title": "Offer a 3-minute restart task for abandoned paths",
      "priority": "high"
    },
    {
      "type": "clarity",
      "title": "Rewrite checkpoints to be more concrete",
      "priority": "high"
    }
  ]
}
{
  "ok": true,
  "ran_at": "2026-05-07 16:20:01",
  "runs": 19,
  "reward_style": "restart_friction_reducer",
  "task_size": "tiny",
  "loops": [
    "Instant Visible Progress",
    "Momentum Continuation",
    "Friction Recovery",
    "Novelty Injection",
    "Identity Reinforcement"
  ]
}
{
  "ok": true,
  "generated_at": "2026-05-07 16:20:01",
  "recommendation": {
    "best_time_of_day": "morning",
    "best_energy_mode": "focused",
    "best_environment": "desk",
    "best_session_length": "medium",
    "recommended_task_mode": "guided_progress",
    "recommended_minutes": 10,
    "message": "Best current pattern: medium guided_progress tasks during morning, ideally in desk mode."
  }
}
{
  "ok": true,
  "generated_at": "2026-05-07 16:20:02",
  "recommendations": [
    {
      "goal_type": "language",
      "action": "improve_activation",
      "message": "This path needs a stronger first visible win and clearer emotional payoff."
    }
  ]
}
{
  "ok": true,
  "generated_at": "2026-05-07 16:20:02",
  "mode": "micro_activation",
  "rules": [
    "Default new tasks into low-friction micro-start format."
  ]
}
{
  "ok": true,
  "generated_at": "2026-05-07 16:20:02",
  "merged_filter_count": 40,
  "promoted": 3,
  "watch": 37,
  "suppressed": 4,
  "path_rules": 27,
  "best_default_features": [
    "visible_artifact",
    "project_first",
    "walking_mode",
    "visual_example",
    "challenge_mode",
    "recovery_mode",
    "low_text"
  ]
}
{
  "ok": true,
  "generated_at": "2026-05-07 16:20:02",
  "new_events": 60,
  "total_events": 1080,
  "filter_count": 10,
  "sample_filters": [
    {
      "user_id": "audio_walking_learner",
      "goal_id": "filmmaking",
      "action": "finish_support",
      "required_features": [
        "walking_mode",
        "clear_checkpoint",
        "audio_mode"
      ],
      "avoid_features": [],
      "best_modality": "audio",
      "best_difficulty": "medium",
      "completion_rate": 53,
      "start_rate": 86
    },
    {
      "user_id": "audio_walking_learner",
      "goal_id": "web_design",
      "action": "finish_support",
      "required_features": [
        "walking_mode",
        "deadline_aware",
        "low_text"
      ],
      "avoid_features": [],
      "best_modality": "gamified",
      "best_difficulty": "medium",
      "completion_rate": 50,
      "start_rate": 88
    },
    {
      "user_id": "adhd_overwhelmed_student",
      "goal_id": "web_design",
      "action": "micro_recovery_first",
      "required_features": [
        "outside_app_ready",
        "walking_mode",
        "micro_start"
      ],
      "avoid_features": [],
      "best_modality": "music_supported",
      "best_difficulty": "easy",
      "completion_rate": 26,
      "start_rate": 66
    },
    {
      "user_id": "burnout_recovery_user",
      "goal_id": "web_design",
      "action": "finish_support",
      "required_features": [
        "walking_mode",
        "deadline_aware",
        "audio_mode"
      ],
      "avoid_features": [],
      "best_modality": "visual",
      "best_difficulty": "easy",
      "completion_rate": 42,
      "start_rate": 74
    },
    {
      "user_id": "visual_project_learner",
      "goal_id": "filmmaking",
      "action": "challenge_and_scale",
      "required_features": [
        "visible_artifact",
        "project_first",
        "micro_start"
      ],
      "avoid_features": [],
      "best_modality": "reading",
      "best_difficulty": "medium",
      "completion_rate": 66,
      "start_rate": 96
    }
  ]
}
{
  "ok": true,
  "generated_at": "2026-05-07 16:20:02",
  "new_events": 36,
  "total_events": 648,
  "filter_count": 30,
  "sample_filters": [
    {
      "user_id": "busy_worker_student",
      "scenario_id": "semester_overload",
      "domain": "college",
      "action": "micro_start_plan",
      "avg_completion": 47,
      "overwhelm_rate": 21,
      "recommended_structures": [
        "calendar_chunking",
        "micro_start",
        "deadline_risk_map",
        "recovery_buffer"
      ],
      "dominant_verdict": "needs_lower_activation"
    },
    {
      "user_id": "creative_project_user",
      "scenario_id": "make_a_movie",
      "domain": "filmmaking",
      "action": "checkpoint_finish_plan",
      "avg_completion": 62,
      "overwhelm_rate": 68,
      "recommended_structures": [
        "phone_only_mode",
        "15_second_scene",
        "storyboard_3_frames",
        "publishable_microfilm"
      ],
      "dominant_verdict": "needs_finish_support"
    },
    {
      "user_id": "creative_project_user",
      "scenario_id": "semester_overload",
      "domain": "college",
      "action": "checkpoint_finish_plan",
      "avg_completion": 55,
      "overwhelm_rate": 22,
      "recommended_structures": [
        "calendar_chunking",
        "micro_start",
        "deadline_risk_map",
        "recovery_buffer"
      ],
      "dominant_verdict": "needs_finish_support"
    },
    {
      "user_id": "burnout_user",
      "scenario_id": "startup_validation",
      "domain": "business",
      "action": "recovery_first_plan",
      "avg_completion": 17,
      "overwhelm_rate": 63,
      "recommended_structures": [
        "one_user_profile",
        "landing_page_mvp",
        "interview_script",
        "tiny_offer"
      ],
      "dominant_verdict": "needs_recovery_first"
    },
    {
      "user_id": "adhd_student",
      "scenario_id": "research_paper",
      "domain": "school_assignment",
      "action": "recovery_first_plan",
      "avg_completion": 24,
      "overwhelm_rate": 63,
      "recommended_structures": [
        "bad_first_draft",
        "source_micro_goal",
        "outline_first",
        "checkpoint_rewards"
      ],
      "dominant_verdict": "needs_recovery_first"
    }
  ]
}
Bridge Brain Safe start: 2026-05-07 16:20:01.748373
Using Python interpreter: /home/ubuntu/bridge-engine/venv/bin/python
Running: scripts/automation_runner.py
Running: scripts/reward_loop_engine.py
Running: scripts/context_intelligence_engine.py
Running: scripts/path_effectiveness_engine.py
Running: scripts/adaptive_learning_engine.py
Running: scripts/adaptive_backend_brain.py
Running: scripts/smart_path_simulation_engine.py
Running: scripts/complex_path_simulation_engine.py
Bridge Brain Safe complete: 2026-05-07 16:20:02.704844
{
  "ok": true,
  "ran_at": "2026-05-07 16:30:01",
  "runs": 26,
  "retention": {
    "generated_at": "2026-05-07 16:30:01",
    "total_paths": 1,
    "started_paths": 0,
    "completed_paths": 0,
    "partial_paths": 0,
    "abandoned_paths": 1,
    "total_steps": 4,
    "done_steps": 0,
    "completion_rate": 0,
    "start_rate": 0,
    "feedback_events": 0,
    "overwhelm_events": 0,
    "flow_events": 0,
    "recommended_energy_mode": "focused"
  },
  "actions": [
    {
      "type": "momentum_recovery",
      "title": "Offer a 3-minute restart task for abandoned paths",
      "priority": "high"
    },
    {
      "type": "clarity",
      "title": "Rewrite checkpoints to be more concrete",
      "priority": "high"
    }
  ]
}
{
  "ok": true,
  "ran_at": "2026-05-07 16:30:01",
  "runs": 20,
  "reward_style": "restart_friction_reducer",
  "task_size": "tiny",
  "loops": [
    "Instant Visible Progress",
    "Momentum Continuation",
    "Friction Recovery",
    "Novelty Injection",
    "Identity Reinforcement"
  ]
}
{
  "ok": true,
  "generated_at": "2026-05-07 16:30:01",
  "recommendation": {
    "best_time_of_day": "morning",
    "best_energy_mode": "focused",
    "best_environment": "desk",
    "best_session_length": "medium",
    "recommended_task_mode": "guided_progress",
    "recommended_minutes": 10,
    "message": "Best current pattern: medium guided_progress tasks during morning, ideally in desk mode."
  }
}
{
  "ok": true,
  "generated_at": "2026-05-07 16:30:02",
  "recommendations": [
    {
      "goal_type": "language",
      "action": "improve_activation",
      "message": "This path needs a stronger first visible win and clearer emotional payoff."
    }
  ]
}
{
  "ok": true,
  "generated_at": "2026-05-07 16:30:02",
  "mode": "micro_activation",
  "rules": [
    "Default new tasks into low-friction micro-start format."
  ]
}
{
  "ok": true,
  "generated_at": "2026-05-07 16:30:02",
  "merged_filter_count": 40,
  "promoted": 4,
  "watch": 36,
  "suppressed": 3,
  "path_rules": 27,
  "best_default_features": [
    "visible_artifact",
    "project_first",
    "walking_mode",
    "visual_example",
    "challenge_mode",
    "recovery_mode",
    "micro_start"
  ]
}
{
  "ok": true,
  "generated_at": "2026-05-07 16:30:02",
  "new_events": 60,
  "total_events": 1140,
  "filter_count": 10,
  "sample_filters": [
    {
      "user_id": "audio_walking_learner",
      "goal_id": "filmmaking",
      "action": "finish_support",
      "required_features": [
        "walking_mode",
        "clear_checkpoint",
        "audio_mode"
      ],
      "avoid_features": [],
      "best_modality": "audio",
      "best_difficulty": "easy",
      "completion_rate": 54,
      "start_rate": 86
    },
    {
      "user_id": "audio_walking_learner",
      "goal_id": "web_design",
      "action": "finish_support",
      "required_features": [
        "walking_mode",
        "deadline_aware",
        "music_supported"
      ],
      "avoid_features": [],
      "best_modality": "gamified",
      "best_difficulty": "medium",
      "completion_rate": 51,
      "start_rate": 88
    },
    {
      "user_id": "adhd_overwhelmed_student",
      "goal_id": "web_design",
      "action": "micro_recovery_first",
      "required_features": [
        "outside_app_ready",
        "walking_mode",
        "micro_start"
      ],
      "avoid_features": [],
      "best_modality": "music_supported",
      "best_difficulty": "easy",
      "completion_rate": 26,
      "start_rate": 65
    },
    {
      "user_id": "burnout_recovery_user",
      "goal_id": "web_design",
      "action": "finish_support",
      "required_features": [
        "deadline_aware",
        "walking_mode",
        "audio_mode"
      ],
      "avoid_features": [],
      "best_modality": "visual",
      "best_difficulty": "easy",
      "completion_rate": 41,
      "start_rate": 72
    },
    {
      "user_id": "visual_project_learner",
      "goal_id": "filmmaking",
      "action": "balanced",
      "required_features": [
        "project_first",
        "visible_artifact",
        "recovery_mode"
      ],
      "avoid_features": [],
      "best_modality": "reading",
      "best_difficulty": "medium",
      "completion_rate": 65,
      "start_rate": 96
    }
  ]
}
{
  "ok": true,
  "generated_at": "2026-05-07 16:30:02",
  "new_events": 36,
  "total_events": 684,
  "filter_count": 30,
  "sample_filters": [
    {
      "user_id": "busy_worker_student",
      "scenario_id": "semester_overload",
      "domain": "college",
      "action": "micro_start_plan",
      "avg_completion": 48,
      "overwhelm_rate": 20,
      "recommended_structures": [
        "calendar_chunking",
        "micro_start",
        "deadline_risk_map",
        "recovery_buffer"
      ],
      "dominant_verdict": "needs_lower_activation"
    },
    {
      "user_id": "creative_project_user",
      "scenario_id": "make_a_movie",
      "domain": "filmmaking",
      "action": "checkpoint_finish_plan",
      "avg_completion": 62,
      "overwhelm_rate": 67,
      "recommended_structures": [
        "phone_only_mode",
        "15_second_scene",
        "storyboard_3_frames",
        "publishable_microfilm"
      ],
      "dominant_verdict": "needs_finish_support"
    },
    {
      "user_id": "creative_project_user",
      "scenario_id": "semester_overload",
      "domain": "college",
      "action": "checkpoint_finish_plan",
      "avg_completion": 55,
      "overwhelm_rate": 22,
      "recommended_structures": [
        "calendar_chunking",
        "micro_start",
        "deadline_risk_map",
        "recovery_buffer"
      ],
      "dominant_verdict": "needs_finish_support"
    },
    {
      "user_id": "burnout_user",
      "scenario_id": "startup_validation",
      "domain": "business",
      "action": "recovery_first_plan",
      "avg_completion": 15,
      "overwhelm_rate": 64,
      "recommended_structures": [
        "one_user_profile",
        "landing_page_mvp",
        "interview_script",
        "tiny_offer"
      ],
      "dominant_verdict": "needs_recovery_first"
    },
    {
      "user_id": "adhd_student",
      "scenario_id": "research_paper",
      "domain": "school_assignment",
      "action": "recovery_first_plan",
      "avg_completion": 24,
      "overwhelm_rate": 63,
      "recommended_structures": [
        "bad_first_draft",
        "source_micro_goal",
        "outline_first",
        "checkpoint_rewards"
      ],
      "dominant_verdict": "needs_recovery_first"
    }
  ]
}
Bridge Brain Safe start: 2026-05-07 16:30:01.748104
Using Python interpreter: /home/ubuntu/bridge-engine/venv/bin/python
Running: scripts/automation_runner.py
Running: scripts/reward_loop_engine.py
Running: scripts/context_intelligence_engine.py
Running: scripts/path_effectiveness_engine.py
Running: scripts/adaptive_learning_engine.py
Running: scripts/adaptive_backend_brain.py
Running: scripts/smart_path_simulation_engine.py
Running: scripts/complex_path_simulation_engine.py
Bridge Brain Safe complete: 2026-05-07 16:30:02.718723
{
  "ok": true,
  "ran_at": "2026-05-07 16:40:01",
  "runs": 27,
  "retention": {
    "generated_at": "2026-05-07 16:40:01",
    "total_paths": 1,
    "started_paths": 0,
    "completed_paths": 0,
    "partial_paths": 0,
    "abandoned_paths": 1,
    "total_steps": 4,
    "done_steps": 0,
    "completion_rate": 0,
    "start_rate": 0,
    "feedback_events": 0,
    "overwhelm_events": 0,
    "flow_events": 0,
    "recommended_energy_mode": "focused"
  },
  "actions": [
    {
      "type": "momentum_recovery",
      "title": "Offer a 3-minute restart task for abandoned paths",
      "priority": "high"
    },
    {
      "type": "clarity",
      "title": "Rewrite checkpoints to be more concrete",
      "priority": "high"
    }
  ]
}
{
  "ok": true,
  "ran_at": "2026-05-07 16:40:01",
  "runs": 21,
  "reward_style": "restart_friction_reducer",
  "task_size": "tiny",
  "loops": [
    "Instant Visible Progress",
    "Momentum Continuation",
    "Friction Recovery",
    "Novelty Injection",
    "Identity Reinforcement"
  ]
}
{
  "ok": true,
  "generated_at": "2026-05-07 16:40:01",
  "recommendation": {
    "best_time_of_day": "morning",
    "best_energy_mode": "focused",
    "best_environment": "desk",
    "best_session_length": "medium",
    "recommended_task_mode": "guided_progress",
    "recommended_minutes": 10,
    "message": "Best current pattern: medium guided_progress tasks during morning, ideally in desk mode."
  }
}
{
  "ok": true,
  "generated_at": "2026-05-07 16:40:02",
  "recommendations": [
    {
      "goal_type": "language",
      "action": "improve_activation",
      "message": "This path needs a stronger first visible win and clearer emotional payoff."
    }
  ]
}
{
  "ok": true,
  "generated_at": "2026-05-07 16:40:02",
  "mode": "micro_activation",
  "rules": [
    "Default new tasks into low-friction micro-start format."
  ]
}
{
  "ok": true,
  "generated_at": "2026-05-07 16:40:02",
  "merged_filter_count": 40,
  "promoted": 3,
  "watch": 37,
  "suppressed": 3,
  "path_rules": 28,
  "best_default_features": [
    "visible_artifact",
    "project_first",
    "visual_example",
    "walking_mode",
    "challenge_mode",
    "recovery_mode",
    "low_text"
  ]
}
{
  "ok": true,
  "generated_at": "2026-05-07 16:40:02",
  "new_events": 60,
  "total_events": 1200,
  "filter_count": 10,
  "sample_filters": [
    {
      "user_id": "audio_walking_learner",
      "goal_id": "filmmaking",
      "action": "finish_support",
      "required_features": [
        "walking_mode",
        "audio_mode",
        "clear_checkpoint"
      ],
      "avoid_features": [],
      "best_modality": "audio",
      "best_difficulty": "easy",
      "completion_rate": 54,
      "start_rate": 86
    },
    {
      "user_id": "audio_walking_learner",
      "goal_id": "web_design",
      "action": "finish_support",
      "required_features": [
        "walking_mode",
        "deadline_aware",
        "micro_start"
      ],
      "avoid_features": [],
      "best_modality": "gamified",
      "best_difficulty": "medium",
      "completion_rate": 53,
      "start_rate": 89
    },
    {
      "user_id": "adhd_overwhelmed_student",
      "goal_id": "web_design",
      "action": "micro_recovery_first",
      "required_features": [
        "outside_app_ready",
        "walking_mode",
        "low_text"
      ],
      "avoid_features": [],
      "best_modality": "music_supported",
      "best_difficulty": "easy",
      "completion_rate": 26,
      "start_rate": 65
    },
    {
      "user_id": "burnout_recovery_user",
      "goal_id": "web_design",
      "action": "finish_support",
      "required_features": [
        "deadline_aware",
        "walking_mode",
        "audio_mode"
      ],
      "avoid_features": [],
      "best_modality": "visual",
      "best_difficulty": "easy",
      "completion_rate": 42,
      "start_rate": 72
    },
    {
      "user_id": "visual_project_learner",
      "goal_id": "filmmaking",
      "action": "challenge_and_scale",
      "required_features": [
        "project_first",
        "visible_artifact",
        "recovery_mode"
      ],
      "avoid_features": [],
      "best_modality": "reading",
      "best_difficulty": "medium",
      "completion_rate": 66,
      "start_rate": 96
    }
  ]
}
{
  "ok": true,
  "generated_at": "2026-05-07 16:40:02",
  "new_events": 36,
  "total_events": 720,
  "filter_count": 30,
  "sample_filters": [
    {
      "user_id": "busy_worker_student",
      "scenario_id": "semester_overload",
      "domain": "college",
      "action": "micro_start_plan",
      "avg_completion": 50,
      "overwhelm_rate": 27,
      "recommended_structures": [
        "calendar_chunking",
        "micro_start",
        "deadline_risk_map",
        "recovery_buffer"
      ],
      "dominant_verdict": "needs_lower_activation"
    },
    {
      "user_id": "creative_project_user",
      "scenario_id": "make_a_movie",
      "domain": "filmmaking",
      "action": "checkpoint_finish_plan",
      "avg_completion": 62,
      "overwhelm_rate": 67,
      "recommended_structures": [
        "phone_only_mode",
        "15_second_scene",
        "storyboard_3_frames",
        "publishable_microfilm"
      ],
      "dominant_verdict": "needs_finish_support"
    },
    {
      "user_id": "creative_project_user",
      "scenario_id": "semester_overload",
      "domain": "college",
      "action": "checkpoint_finish_plan",
      "avg_completion": 55,
      "overwhelm_rate": 22,
      "recommended_structures": [
        "calendar_chunking",
        "micro_start",
        "deadline_risk_map",
        "recovery_buffer"
      ],
      "dominant_verdict": "needs_finish_support"
    },
    {
      "user_id": "burnout_user",
      "scenario_id": "startup_validation",
      "domain": "business",
      "action": "recovery_first_plan",
      "avg_completion": 16,
      "overwhelm_rate": 66,
      "recommended_structures": [
        "one_user_profile",
        "landing_page_mvp",
        "interview_script",
        "tiny_offer"
      ],
      "dominant_verdict": "needs_recovery_first"
    },
    {
      "user_id": "adhd_student",
      "scenario_id": "research_paper",
      "domain": "school_assignment",
      "action": "recovery_first_plan",
      "avg_completion": 24,
      "overwhelm_rate": 60,
      "recommended_structures": [
        "bad_first_draft",
        "source_micro_goal",
        "outline_first",
        "checkpoint_rewards"
      ],
      "dominant_verdict": "needs_recovery_first"
    }
  ]
}
Bridge Brain Safe start: 2026-05-07 16:40:01.762082
Using Python interpreter: /home/ubuntu/bridge-engine/venv/bin/python
Running: scripts/automation_runner.py
Running: scripts/reward_loop_engine.py
Running: scripts/context_intelligence_engine.py
Running: scripts/path_effectiveness_engine.py
Running: scripts/adaptive_learning_engine.py
Running: scripts/adaptive_backend_brain.py
Running: scripts/smart_path_simulation_engine.py
Running: scripts/complex_path_simulation_engine.py
Bridge Brain Safe complete: 2026-05-07 16:40:02.729548
{
  "ok": true,
  "ran_at": "2026-05-07 16:50:01",
  "runs": 28,
  "retention": {
    "generated_at": "2026-05-07 16:50:01",
    "total_paths": 1,
    "started_paths": 0,
    "completed_paths": 0,
    "partial_paths": 0,
    "abandoned_paths": 1,
    "total_steps": 4,
    "done_steps": 0,
    "completion_rate": 0,
    "start_rate": 0,
    "feedback_events": 0,
    "overwhelm_events": 0,
    "flow_events": 0,
    "recommended_energy_mode": "focused"
  },
  "actions": [
    {
      "type": "momentum_recovery",
      "title": "Offer a 3-minute restart task for abandoned paths",
      "priority": "high"
    },
    {
      "type": "clarity",
      "title": "Rewrite checkpoints to be more concrete",
      "priority": "high"
    }
  ]
}
{
  "ok": true,
  "ran_at": "2026-05-07 16:50:01",
  "runs": 22,
  "reward_style": "restart_friction_reducer",
  "task_size": "tiny",
  "loops": [
    "Instant Visible Progress",
    "Momentum Continuation",
    "Friction Recovery",
    "Novelty Injection",
    "Identity Reinforcement"
  ]
}
{
  "ok": true,
  "generated_at": "2026-05-07 16:50:01",
  "recommendation": {
    "best_time_of_day": "morning",
    "best_energy_mode": "focused",
    "best_environment": "desk",
    "best_session_length": "medium",
    "recommended_task_mode": "guided_progress",
    "recommended_minutes": 10,
    "message": "Best current pattern: medium guided_progress tasks during morning, ideally in desk mode."
  }
}
{
  "ok": true,
  "generated_at": "2026-05-07 16:50:02",
  "recommendations": [
    {
      "goal_type": "language",
      "action": "improve_activation",
      "message": "This path needs a stronger first visible win and clearer emotional payoff."
    }
  ]
}
{
  "ok": true,
  "generated_at": "2026-05-07 16:50:02",
  "mode": "micro_activation",
  "rules": [
    "Default new tasks into low-friction micro-start format."
  ]
}
{
  "ok": true,
  "generated_at": "2026-05-07 16:50:02",
  "merged_filter_count": 40,
  "promoted": 4,
  "watch": 36,
  "suppressed": 4,
  "path_rules": 27,
  "best_default_features": [
    "visible_artifact",
    "project_first",
    "recovery_mode",
    "visual_example",
    "walking_mode",
    "challenge_mode",
    "low_text"
  ]
}
{
  "ok": true,
  "generated_at": "2026-05-07 16:50:02",
  "new_events": 60,
  "total_events": 1260,
  "filter_count": 10,
  "sample_filters": [
    {
      "user_id": "audio_walking_learner",
      "goal_id": "filmmaking",
      "action": "balanced",
      "required_features": [
        "walking_mode",
        "audio_mode",
        "clear_checkpoint"
      ],
      "avoid_features": [],
      "best_modality": "audio",
      "best_difficulty": "easy",
      "completion_rate": 55,
      "start_rate": 86
    },
    {
      "user_id": "audio_walking_learner",
      "goal_id": "web_design",
      "action": "finish_support",
      "required_features": [
        "walking_mode",
        "recovery_mode",
        "deadline_aware"
      ],
      "avoid_features": [],
      "best_modality": "gamified",
      "best_difficulty": "medium",
      "completion_rate": 52,
      "start_rate": 89
    },
    {
      "user_id": "adhd_overwhelmed_student",
      "goal_id": "web_design",
      "action": "micro_recovery_first",
      "required_features": [
        "walking_mode",
        "outside_app_ready",
        "low_text"
      ],
      "avoid_features": [],
      "best_modality": "music_supported",
      "best_difficulty": "easy",
      "completion_rate": 26,
      "start_rate": 65
    },
    {
      "user_id": "burnout_recovery_user",
      "goal_id": "web_design",
      "action": "finish_support",
      "required_features": [
        "deadline_aware",
        "walking_mode",
        "audio_mode"
      ],
      "avoid_features": [],
      "best_modality": "visual",
      "best_difficulty": "easy",
      "completion_rate": 42,
      "start_rate": 71
    },
    {
      "user_id": "visual_project_learner",
      "goal_id": "filmmaking",
      "action": "challenge_and_scale",
      "required_features": [
        "project_first",
        "visible_artifact",
        "recovery_mode"
      ],
      "avoid_features": [],
      "best_modality": "reading",
      "best_difficulty": "hard",
      "completion_rate": 68,
      "start_rate": 96
    }
  ]
}
{
  "ok": true,
  "generated_at": "2026-05-07 16:50:02",
  "new_events": 36,
  "total_events": 756,
  "filter_count": 30,
  "sample_filters": [
    {
      "user_id": "busy_worker_student",
      "scenario_id": "semester_overload",
      "domain": "college",
      "action": "micro_start_plan",
      "avg_completion": 49,
      "overwhelm_rate": 30,
      "recommended_structures": [
        "calendar_chunking",
        "micro_start",
        "deadline_risk_map",
        "recovery_buffer"
      ],
      "dominant_verdict": "needs_lower_activation"
    },
    {
      "user_id": "creative_project_user",
      "scenario_id": "make_a_movie",
      "domain": "filmmaking",
      "action": "checkpoint_finish_plan",
      "avg_completion": 61,
      "overwhelm_rate": 70,
      "recommended_structures": [
        "phone_only_mode",
        "15_second_scene",
        "storyboard_3_frames",
        "publishable_microfilm"
      ],
      "dominant_verdict": "needs_finish_support"
    },
    {
      "user_id": "creative_project_user",
      "scenario_id": "semester_overload",
      "domain": "college",
      "action": "checkpoint_finish_plan",
      "avg_completion": 53,
      "overwhelm_rate": 21,
      "recommended_structures": [
        "calendar_chunking",
        "micro_start",
        "deadline_risk_map",
        "recovery_buffer"
      ],
      "dominant_verdict": "needs_finish_support"
    },
    {
      "user_id": "burnout_user",
      "scenario_id": "startup_validation",
      "domain": "business",
      "action": "recovery_first_plan",
      "avg_completion": 16,
      "overwhelm_rate": 67,
      "recommended_structures": [
        "one_user_profile",
        "landing_page_mvp",
        "interview_script",
        "tiny_offer"
      ],
      "dominant_verdict": "needs_recovery_first"
    },
    {
      "user_id": "adhd_student",
      "scenario_id": "research_paper",
      "domain": "school_assignment",
      "action": "recovery_first_plan",
      "avg_completion": 25,
      "overwhelm_rate": 57,
      "recommended_structures": [
        "bad_first_draft",
        "source_micro_goal",
        "outline_first",
        "checkpoint_rewards"
      ],
      "dominant_verdict": "needs_recovery_first"
    }
  ]
}
Bridge Brain Safe start: 2026-05-07 16:50:01.773483
Using Python interpreter: /home/ubuntu/bridge-engine/venv/bin/python
Running: scripts/automation_runner.py
Running: scripts/reward_loop_engine.py
Running: scripts/context_intelligence_engine.py
Running: scripts/path_effectiveness_engine.py
Running: scripts/adaptive_learning_engine.py
Running: scripts/adaptive_backend_brain.py
Running: scripts/smart_path_simulation_engine.py
Running: scripts/complex_path_simulation_engine.py
Bridge Brain Safe complete: 2026-05-07 16:50:02.798007
{
  "ok": true,
  "ran_at": "2026-05-07 17:00:01",
  "runs": 29,
  "retention": {
    "generated_at": "2026-05-07 17:00:01",
    "total_paths": 1,
    "started_paths": 0,
    "completed_paths": 0,
    "partial_paths": 0,
    "abandoned_paths": 1,
    "total_steps": 4,
    "done_steps": 0,
    "completion_rate": 0,
    "start_rate": 0,
    "feedback_events": 0,
    "overwhelm_events": 0,
    "flow_events": 0,
    "recommended_energy_mode": "focused"
  },
  "actions": [
    {
      "type": "momentum_recovery",
      "title": "Offer a 3-minute restart task for abandoned paths",
      "priority": "high"
    },
    {
      "type": "clarity",
      "title": "Rewrite checkpoints to be more concrete",
      "priority": "high"
    }
  ]
}
{
  "ok": true,
  "ran_at": "2026-05-07 17:00:02",
  "runs": 23,
  "reward_style": "restart_friction_reducer",
  "task_size": "tiny",
  "loops": [
    "Instant Visible Progress",
    "Momentum Continuation",
    "Friction Recovery",
    "Novelty Injection",
    "Identity Reinforcement"
  ]
}
{
  "ok": true,
  "generated_at": "2026-05-07 17:00:02",
  "recommendation": {
    "best_time_of_day": "morning",
    "best_energy_mode": "focused",
    "best_environment": "desk",
    "best_session_length": "medium",
    "recommended_task_mode": "guided_progress",
    "recommended_minutes": 10,
    "message": "Best current pattern: medium guided_progress tasks during morning, ideally in desk mode."
  }
}
{
  "ok": true,
  "generated_at": "2026-05-07 17:00:02",
  "recommendations": [
    {
      "goal_type": "language",
      "action": "improve_activation",
      "message": "This path needs a stronger first visible win and clearer emotional payoff."
    }
  ]
}
{
  "ok": true,
  "generated_at": "2026-05-07 17:00:02",
  "mode": "micro_activation",
  "rules": [
    "Default new tasks into low-friction micro-start format."
  ]
}
{
  "ok": true,
  "generated_at": "2026-05-07 17:00:02",
  "merged_filter_count": 40,
  "promoted": 4,
  "watch": 36,
  "suppressed": 3,
  "path_rules": 27,
  "best_default_features": [
    "visible_artifact",
    "challenge_mode",
    "project_first",
    "recovery_mode",
    "visual_example"
  ]
}
{
  "ok": true,
  "generated_at": "2026-05-07 17:00:02",
  "new_events": 60,
  "total_events": 1320,
  "filter_count": 10,
  "sample_filters": [
    {
      "user_id": "audio_walking_learner",
      "goal_id": "filmmaking",
      "action": "balanced",
      "required_features": [
        "walking_mode",
        "clear_checkpoint",
        "audio_mode"
      ],
      "avoid_features": [],
      "best_modality": "audio",
      "best_difficulty": "easy",
      "completion_rate": 56,
      "start_rate": 86
    },
    {
      "user_id": "audio_walking_learner",
      "goal_id": "web_design",
      "action": "finish_support",
      "required_features": [
        "walking_mode",
        "recovery_mode",
        "deadline_aware"
      ],
      "avoid_features": [],
      "best_modality": "gamified",
      "best_difficulty": "medium",
      "completion_rate": 52,
      "start_rate": 90
    },
    {
      "user_id": "adhd_overwhelmed_student",
      "goal_id": "web_design",
      "action": "micro_recovery_first",
      "required_features": [
        "walking_mode",
        "outside_app_ready",
        "low_text"
      ],
      "avoid_features": [],
      "best_modality": "music_supported",
      "best_difficulty": "easy",
      "completion_rate": 26,
      "start_rate": 65
    },
    {
      "user_id": "burnout_recovery_user",
      "goal_id": "web_design",
      "action": "finish_support",
      "required_features": [
        "deadline_aware",
        "walking_mode",
        "audio_mode"
      ],
      "avoid_features": [],
      "best_modality": "visual",
      "best_difficulty": "easy",
      "completion_rate": 43,
      "start_rate": 72
    },
    {
      "user_id": "visual_project_learner",
      "goal_id": "filmmaking",
      "action": "challenge_and_scale",
      "required_features": [
        "project_first",
        "visible_artifact",
        "audio_mode"
      ],
      "avoid_features": [],
      "best_modality": "reading",
      "best_difficulty": "hard",
      "completion_rate": 69,
      "start_rate": 97
    }
  ]
}
{
  "ok": true,
  "generated_at": "2026-05-07 17:00:02",
  "new_events": 36,
  "total_events": 792,
  "filter_count": 30,
  "sample_filters": [
    {
      "user_id": "busy_worker_student",
      "scenario_id": "semester_overload",
      "domain": "college",
      "action": "micro_start_plan",
      "avg_completion": 49,
      "overwhelm_rate": 30,
      "recommended_structures": [
        "calendar_chunking",
        "micro_start",
        "deadline_risk_map",
        "recovery_buffer"
      ],
      "dominant_verdict": "needs_lower_activation"
    },
    {
      "user_id": "creative_project_user",
      "scenario_id": "make_a_movie",
      "domain": "filmmaking",
      "action": "checkpoint_finish_plan",
      "avg_completion": 61,
      "overwhelm_rate": 68,
      "recommended_structures": [
        "phone_only_mode",
        "15_second_scene",
        "storyboard_3_frames",
        "publishable_microfilm"
      ],
      "dominant_verdict": "needs_finish_support"
    },
    {
      "user_id": "creative_project_user",
      "scenario_id": "semester_overload",
      "domain": "college",
      "action": "checkpoint_finish_plan",
      "avg_completion": 50,
      "overwhelm_rate": 23,
      "recommended_structures": [
        "calendar_chunking",
        "micro_start",
        "deadline_risk_map",
        "recovery_buffer"
      ],
      "dominant_verdict": "needs_finish_support"
    },
    {
      "user_id": "burnout_user",
      "scenario_id": "startup_validation",
      "domain": "business",
      "action": "recovery_first_plan",
      "avg_completion": 16,
      "overwhelm_rate": 67,
      "recommended_structures": [
        "one_user_profile",
        "landing_page_mvp",
        "interview_script",
        "tiny_offer"
      ],
      "dominant_verdict": "needs_recovery_first"
    },
    {
      "user_id": "adhd_student",
      "scenario_id": "research_paper",
      "domain": "school_assignment",
      "action": "recovery_first_plan",
      "avg_completion": 25,
      "overwhelm_rate": 57,
      "recommended_structures": [
        "bad_first_draft",
        "source_micro_goal",
        "outline_first",
        "checkpoint_rewards"
      ],
      "dominant_verdict": "needs_recovery_first"
    }
  ]
}
Bridge Brain Safe start: 2026-05-07 17:00:01.841083
Using Python interpreter: /home/ubuntu/bridge-engine/venv/bin/python
Running: scripts/automation_runner.py
Running: scripts/reward_loop_engine.py
Running: scripts/context_intelligence_engine.py
Running: scripts/path_effectiveness_engine.py
Running: scripts/adaptive_learning_engine.py
Running: scripts/adaptive_backend_brain.py
Running: scripts/smart_path_simulation_engine.py
Running: scripts/complex_path_simulation_engine.py
Bridge Brain Safe complete: 2026-05-07 17:00:02.897491
{
  "ok": true,
  "ran_at": "2026-05-07 17:10:02",
  "runs": 30,
  "retention": {
    "generated_at": "2026-05-07 17:10:02",
    "total_paths": 1,
    "started_paths": 0,
    "completed_paths": 0,
    "partial_paths": 0,
    "abandoned_paths": 1,
    "total_steps": 4,
    "done_steps": 0,
    "completion_rate": 0,
    "start_rate": 0,
    "feedback_events": 0,
    "overwhelm_events": 0,
    "flow_events": 0,
    "recommended_energy_mode": "focused"
  },
  "actions": [
    {
      "type": "momentum_recovery",
      "title": "Offer a 3-minute restart task for abandoned paths",
      "priority": "high"
    },
    {
      "type": "clarity",
      "title": "Rewrite checkpoints to be more concrete",
      "priority": "high"
    }
  ]
}
{
  "ok": true,
  "ran_at": "2026-05-07 17:10:02",
  "runs": 24,
  "reward_style": "restart_friction_reducer",
  "task_size": "tiny",
  "loops": [
    "Instant Visible Progress",
    "Momentum Continuation",
    "Friction Recovery",
    "Novelty Injection",
    "Identity Reinforcement"
  ]
}
{
  "ok": true,
  "generated_at": "2026-05-07 17:10:02",
  "recommendation": {
    "best_time_of_day": "morning",
    "best_energy_mode": "focused",
    "best_environment": "desk",
    "best_session_length": "medium",
    "recommended_task_mode": "guided_progress",
    "recommended_minutes": 10,
    "message": "Best current pattern: medium guided_progress tasks during morning, ideally in desk mode."
  }
}
{
  "ok": true,
  "generated_at": "2026-05-07 17:10:02",
  "recommendations": [
    {
      "goal_type": "language",
      "action": "improve_activation",
      "message": "This path needs a stronger first visible win and clearer emotional payoff."
    }
  ]
}
{
  "ok": true,
  "generated_at": "2026-05-07 17:10:02",
  "mode": "micro_activation",
  "rules": [
    "Default new tasks into low-friction micro-start format."
  ]
}
{
  "ok": true,
  "generated_at": "2026-05-07 17:10:02",
  "merged_filter_count": 40,
  "promoted": 4,
  "watch": 36,
  "suppressed": 2,
  "path_rules": 27,
  "best_default_features": [
    "visible_artifact",
    "challenge_mode",
    "project_first",
    "visual_example",
    "audio_mode",
    "recovery_mode"
  ]
}
{
  "ok": true,
  "generated_at": "2026-05-07 17:10:02",
  "new_events": 60,
  "total_events": 1380,
  "filter_count": 10,
  "sample_filters": [
    {
      "user_id": "audio_walking_learner",
      "goal_id": "filmmaking",
      "action": "balanced",
      "required_features": [
        "walking_mode",
        "clear_checkpoint",
        "audio_mode"
      ],
      "avoid_features": [],
      "best_modality": "audio",
      "best_difficulty": "easy",
      "completion_rate": 56,
      "start_rate": 86
    },
    {
      "user_id": "audio_walking_learner",
      "goal_id": "web_design",
      "action": "finish_support",
      "required_features": [
        "walking_mode",
        "deadline_aware",
        "recovery_mode"
      ],
      "avoid_features": [],
      "best_modality": "gamified",
      "best_difficulty": "medium",
      "completion_rate": 53,
      "start_rate": 90
    },
    {
      "user_id": "adhd_overwhelmed_student",
      "goal_id": "web_design",
      "action": "micro_recovery_first",
      "required_features": [
        "low_text",
        "walking_mode",
        "outside_app_ready"
      ],
      "avoid_features": [],
      "best_modality": "music_supported",
      "best_difficulty": "medium",
      "completion_rate": 26,
      "start_rate": 65
    },
    {
      "user_id": "burnout_recovery_user",
      "goal_id": "web_design",
      "action": "finish_support",
      "required_features": [
        "deadline_aware",
        "audio_mode",
        "walking_mode"
      ],
      "avoid_features": [],
      "best_modality": "visual",
      "best_difficulty": "easy",
      "completion_rate": 43,
      "start_rate": 72
    },
    {
      "user_id": "visual_project_learner",
      "goal_id": "filmmaking",
      "action": "challenge_and_scale",
      "required_features": [
        "project_first",
        "visible_artifact",
        "recovery_mode"
      ],
      "avoid_features": [],
      "best_modality": "reading",
      "best_difficulty": "hard",
      "completion_rate": 68,
      "start_rate": 96
    }
  ]
}
{
  "ok": true,
  "generated_at": "2026-05-07 17:10:03",
  "new_events": 36,
  "total_events": 828,
  "filter_count": 30,
  "sample_filters": [
    {
      "user_id": "busy_worker_student",
      "scenario_id": "semester_overload",
      "domain": "college",
      "action": "micro_start_plan",
      "avg_completion": 50,
      "overwhelm_rate": 29,
      "recommended_structures": [
        "calendar_chunking",
        "micro_start",
        "deadline_risk_map",
        "recovery_buffer"
      ],
      "dominant_verdict": "needs_lower_activation"
    },
    {
      "user_id": "creative_project_user",
      "scenario_id": "make_a_movie",
      "domain": "filmmaking",
      "action": "checkpoint_finish_plan",
      "avg_completion": 61,
      "overwhelm_rate": 68,
      "recommended_structures": [
        "phone_only_mode",
        "15_second_scene",
        "storyboard_3_frames",
        "publishable_microfilm"
      ],
      "dominant_verdict": "needs_finish_support"
    },
    {
      "user_id": "creative_project_user",
      "scenario_id": "semester_overload",
      "domain": "college",
      "action": "checkpoint_finish_plan",
      "avg_completion": 50,
      "overwhelm_rate": 23,
      "recommended_structures": [
        "calendar_chunking",
        "micro_start",
        "deadline_risk_map",
        "recovery_buffer"
      ],
      "dominant_verdict": "needs_finish_support"
    },
    {
      "user_id": "burnout_user",
      "scenario_id": "startup_validation",
      "domain": "business",
      "action": "recovery_first_plan",
      "avg_completion": 16,
      "overwhelm_rate": 67,
      "recommended_structures": [
        "one_user_profile",
        "landing_page_mvp",
        "interview_script",
        "tiny_offer"
      ],
      "dominant_verdict": "needs_recovery_first"
    },
    {
      "user_id": "adhd_student",
      "scenario_id": "research_paper",
      "domain": "school_assignment",
      "action": "recovery_first_plan",
      "avg_completion": 25,
      "overwhelm_rate": 59,
      "recommended_structures": [
        "bad_first_draft",
        "source_micro_goal",
        "outline_first",
        "checkpoint_rewards"
      ],
      "dominant_verdict": "needs_recovery_first"
    }
  ]
}
Bridge Brain Safe start: 2026-05-07 17:10:01.942611
Using Python interpreter: /home/ubuntu/bridge-engine/venv/bin/python
Running: scripts/automation_runner.py
Running: scripts/reward_loop_engine.py
Running: scripts/context_intelligence_engine.py
Running: scripts/path_effectiveness_engine.py
Running: scripts/adaptive_learning_engine.py
Running: scripts/adaptive_backend_brain.py
Running: scripts/smart_path_simulation_engine.py
Running: scripts/complex_path_simulation_engine.py
Bridge Brain Safe complete: 2026-05-07 17:10:03.009396
{
  "ok": true,
  "ran_at": "2026-05-07 17:20:01",
  "runs": 31,
  "retention": {
    "generated_at": "2026-05-07 17:20:01",
    "total_paths": 1,
    "started_paths": 0,
    "completed_paths": 0,
    "partial_paths": 0,
    "abandoned_paths": 1,
    "total_steps": 4,
    "done_steps": 0,
    "completion_rate": 0,
    "start_rate": 0,
    "feedback_events": 0,
    "overwhelm_events": 0,
    "flow_events": 0,
    "recommended_energy_mode": "focused"
  },
  "actions": [
    {
      "type": "momentum_recovery",
      "title": "Offer a 3-minute restart task for abandoned paths",
      "priority": "high"
    },
    {
      "type": "clarity",
      "title": "Rewrite checkpoints to be more concrete",
      "priority": "high"
    }
  ]
}
{
  "ok": true,
  "ran_at": "2026-05-07 17:20:01",
  "runs": 25,
  "reward_style": "restart_friction_reducer",
  "task_size": "tiny",
  "loops": [
    "Instant Visible Progress",
    "Momentum Continuation",
    "Friction Recovery",
    "Novelty Injection",
    "Identity Reinforcement"
  ]
}
{
  "ok": true,
  "generated_at": "2026-05-07 17:20:01",
  "recommendation": {
    "best_time_of_day": "morning",
    "best_energy_mode": "focused",
    "best_environment": "desk",
    "best_session_length": "medium",
    "recommended_task_mode": "guided_progress",
    "recommended_minutes": 10,
    "message": "Best current pattern: medium guided_progress tasks during morning, ideally in desk mode."
  }
}
{
  "ok": true,
  "generated_at": "2026-05-07 17:20:01",
  "recommendations": [
    {
      "goal_type": "language",
      "action": "improve_activation",
      "message": "This path needs a stronger first visible win and clearer emotional payoff."
    }
  ]
}
{
  "ok": true,
  "generated_at": "2026-05-07 17:20:01",
  "mode": "micro_activation",
  "rules": [
    "Default new tasks into low-friction micro-start format."
  ]
}
{
  "ok": true,
  "generated_at": "2026-05-07 17:20:01",
  "merged_filter_count": 40,
  "promoted": 4,
  "watch": 36,
  "suppressed": 2,
  "path_rules": 27,
  "best_default_features": [
    "visible_artifact",
    "challenge_mode",
    "project_first",
    "recovery_mode",
    "deadline_aware",
    "visual_example"
  ]
}
{
  "ok": true,
  "generated_at": "2026-05-07 17:20:01",
  "new_events": 60,
  "total_events": 1440,
  "filter_count": 10,
  "sample_filters": [
    {
      "user_id": "audio_walking_learner",
      "goal_id": "filmmaking",
      "action": "balanced",
      "required_features": [
        "walking_mode",
        "audio_mode",
        "project_first"
      ],
      "avoid_features": [],
      "best_modality": "gamified",
      "best_difficulty": "easy",
      "completion_rate": 57,
      "start_rate": 87
    },
    {
      "user_id": "audio_walking_learner",
      "goal_id": "web_design",
      "action": "finish_support",
      "required_features": [
        "walking_mode",
        "deadline_aware",
        "low_text"
      ],
      "avoid_features": [],
      "best_modality": "gamified",
      "best_difficulty": "medium",
      "completion_rate": 53,
      "start_rate": 89
    },
    {
      "user_id": "adhd_overwhelmed_student",
      "goal_id": "web_design",
      "action": "micro_recovery_first",
      "required_features": [
        "walking_mode",
        "low_text",
        "outside_app_ready"
      ],
      "avoid_features": [],
      "best_modality": "music_supported",
      "best_difficulty": "medium",
      "completion_rate": 26,
      "start_rate": 65
    },
    {
      "user_id": "burnout_recovery_user",
      "goal_id": "web_design",
      "action": "finish_support",
      "required_features": [
        "deadline_aware",
        "audio_mode",
        "walking_mode"
      ],
      "avoid_features": [],
      "best_modality": "visual",
      "best_difficulty": "easy",
      "completion_rate": 43,
      "start_rate": 71
    },
    {
      "user_id": "visual_project_learner",
      "goal_id": "filmmaking",
      "action": "challenge_and_scale",
      "required_features": [
        "project_first",
        "visible_artifact",
        "recovery_mode"
      ],
      "avoid_features": [],
      "best_modality": "reading",
      "best_difficulty": "hard",
      "completion_rate": 68,
      "start_rate": 96
    }
  ]
}
{
  "ok": true,
  "generated_at": "2026-05-07 17:20:02",
  "new_events": 36,
  "total_events": 864,
  "filter_count": 30,
  "sample_filters": [
    {
      "user_id": "busy_worker_student",
      "scenario_id": "semester_overload",
      "domain": "college",
      "action": "micro_start_plan",
      "avg_completion": 50,
      "overwhelm_rate": 29,
      "recommended_structures": [
        "calendar_chunking",
        "micro_start",
        "deadline_risk_map",
        "recovery_buffer"
      ],
      "dominant_verdict": "needs_lower_activation"
    },
    {
      "user_id": "creative_project_user",
      "scenario_id": "make_a_movie",
      "domain": "filmmaking",
      "action": "checkpoint_finish_plan",
      "avg_completion": 61,
      "overwhelm_rate": 67,
      "recommended_structures": [
        "phone_only_mode",
        "15_second_scene",
        "storyboard_3_frames",
        "publishable_microfilm"
      ],
      "dominant_verdict": "needs_finish_support"
    },
    {
      "user_id": "creative_project_user",
      "scenario_id": "semester_overload",
      "domain": "college",
      "action": "checkpoint_finish_plan",
      "avg_completion": 50,
      "overwhelm_rate": 23,
      "recommended_structures": [
        "calendar_chunking",
        "micro_start",
        "deadline_risk_map",
        "recovery_buffer"
      ],
      "dominant_verdict": "needs_finish_support"
    },
    {
      "user_id": "burnout_user",
      "scenario_id": "startup_validation",
      "domain": "business",
      "action": "recovery_first_plan",
      "avg_completion": 17,
      "overwhelm_rate": 68,
      "recommended_structures": [
        "one_user_profile",
        "landing_page_mvp",
        "interview_script",
        "tiny_offer"
      ],
      "dominant_verdict": "needs_recovery_first"
    },
    {
      "user_id": "adhd_student",
      "scenario_id": "research_paper",
      "domain": "school_assignment",
      "action": "recovery_first_plan",
      "avg_completion": 25,
      "overwhelm_rate": 59,
      "recommended_structures": [
        "bad_first_draft",
        "source_micro_goal",
        "outline_first",
        "checkpoint_rewards"
      ],
      "dominant_verdict": "needs_recovery_first"
    }
  ]
}
Bridge Brain Safe start: 2026-05-07 17:20:01.061825
Using Python interpreter: /home/ubuntu/bridge-engine/venv/bin/python
Running: scripts/automation_runner.py
Running: scripts/reward_loop_engine.py
Running: scripts/context_intelligence_engine.py
Running: scripts/path_effectiveness_engine.py
Running: scripts/adaptive_learning_engine.py
Running: scripts/adaptive_backend_brain.py
Running: scripts/smart_path_simulation_engine.py
Running: scripts/complex_path_simulation_engine.py
Bridge Brain Safe complete: 2026-05-07 17:20:02.122560
{
  "ok": true,
  "ran_at": "2026-05-07 17:30:01",
  "runs": 32,
  "retention": {
    "generated_at": "2026-05-07 17:30:01",
    "total_paths": 1,
    "started_paths": 0,
    "completed_paths": 0,
    "partial_paths": 0,
    "abandoned_paths": 1,
    "total_steps": 4,
    "done_steps": 0,
    "completion_rate": 0,
    "start_rate": 0,
    "feedback_events": 0,
    "overwhelm_events": 0,
    "flow_events": 0,
    "recommended_energy_mode": "focused"
  },
  "actions": [
    {
      "type": "momentum_recovery",
      "title": "Offer a 3-minute restart task for abandoned paths",
      "priority": "high"
    },
    {
      "type": "clarity",
      "title": "Rewrite checkpoints to be more concrete",
      "priority": "high"
    }
  ]
}
{
  "ok": true,
  "ran_at": "2026-05-07 17:30:01",
  "runs": 26,
  "reward_style": "restart_friction_reducer",
  "task_size": "tiny",
  "loops": [
    "Instant Visible Progress",
    "Momentum Continuation",
    "Friction Recovery",
    "Novelty Injection",
    "Identity Reinforcement"
  ]
}
{
  "ok": true,
  "generated_at": "2026-05-07 17:30:01",
  "recommendation": {
    "best_time_of_day": "morning",
    "best_energy_mode": "focused",
    "best_environment": "desk",
    "best_session_length": "medium",
    "recommended_task_mode": "guided_progress",
    "recommended_minutes": 10,
    "message": "Best current pattern: medium guided_progress tasks during morning, ideally in desk mode."
  }
}
{
  "ok": true,
  "generated_at": "2026-05-07 17:30:01",
  "recommendations": [
    {
      "goal_type": "language",
      "action": "improve_activation",
      "message": "This path needs a stronger first visible win and clearer emotional payoff."
    }
  ]
}
{
  "ok": true,
  "generated_at": "2026-05-07 17:30:01",
  "mode": "micro_activation",
  "rules": [
    "Default new tasks into low-friction micro-start format."
  ]
}
{
  "ok": true,
  "generated_at": "2026-05-07 17:30:01",
  "merged_filter_count": 40,
  "promoted": 4,
  "watch": 36,
  "suppressed": 2,
  "path_rules": 28,
  "best_default_features": [
    "visible_artifact",
    "challenge_mode",
    "project_first",
    "recovery_mode",
    "deadline_aware",
    "visual_example"
  ]
}
{
  "ok": true,
  "generated_at": "2026-05-07 17:30:01",
  "new_events": 60,
  "total_events": 1500,
  "filter_count": 10,
  "sample_filters": [
    {
      "user_id": "audio_walking_learner",
      "goal_id": "filmmaking",
      "action": "balanced",
      "required_features": [
        "walking_mode",
        "project_first",
        "clear_checkpoint"
      ],
      "avoid_features": [],
      "best_modality": "gamified",
      "best_difficulty": "easy",
      "completion_rate": 57,
      "start_rate": 87
    },
    {
      "user_id": "audio_walking_learner",
      "goal_id": "web_design",
      "action": "finish_support",
      "required_features": [
        "walking_mode",
        "deadline_aware",
        "micro_start"
      ],
      "avoid_features": [],
      "best_modality": "gamified",
      "best_difficulty": "medium",
      "completion_rate": 52,
      "start_rate": 89
    },
    {
      "user_id": "adhd_overwhelmed_student",
      "goal_id": "web_design",
      "action": "micro_recovery_first",
      "required_features": [
        "low_text",
        "walking_mode",
        "outside_app_ready"
      ],
      "avoid_features": [],
      "best_modality": "music_supported",
      "best_difficulty": "medium",
      "completion_rate": 27,
      "start_rate": 65
    },
    {
      "user_id": "burnout_recovery_user",
      "goal_id": "web_design",
      "action": "finish_support",
      "required_features": [
        "audio_mode",
        "deadline_aware",
        "walking_mode"
      ],
      "avoid_features": [],
      "best_modality": "visual",
      "best_difficulty": "easy",
      "completion_rate": 43,
      "start_rate": 73
    },
    {
      "user_id": "visual_project_learner",
      "goal_id": "filmmaking",
      "action": "challenge_and_scale",
      "required_features": [
        "project_first",
        "visible_artifact",
        "recovery_mode"
      ],
      "avoid_features": [],
      "best_modality": "reading",
      "best_difficulty": "hard",
      "completion_rate": 68,
      "start_rate": 96
    }
  ]
}
{
  "ok": true,
  "generated_at": "2026-05-07 17:30:02",
  "new_events": 36,
  "total_events": 900,
  "filter_count": 30,
  "sample_filters": [
    {
      "user_id": "busy_worker_student",
      "scenario_id": "semester_overload",
      "domain": "college",
      "action": "micro_start_plan",
      "avg_completion": 50,
      "overwhelm_rate": 29,
      "recommended_structures": [
        "calendar_chunking",
        "micro_start",
        "deadline_risk_map",
        "recovery_buffer"
      ],
      "dominant_verdict": "needs_lower_activation"
    },
    {
      "user_id": "creative_project_user",
      "scenario_id": "make_a_movie",
      "domain": "filmmaking",
      "action": "checkpoint_finish_plan",
      "avg_completion": 61,
      "overwhelm_rate": 67,
      "recommended_structures": [
        "phone_only_mode",
        "15_second_scene",
        "storyboard_3_frames",
        "publishable_microfilm"
      ],
      "dominant_verdict": "needs_finish_support"
    },
    {
      "user_id": "creative_project_user",
      "scenario_id": "semester_overload",
      "domain": "college",
      "action": "checkpoint_finish_plan",
      "avg_completion": 50,
      "overwhelm_rate": 23,
      "recommended_structures": [
        "calendar_chunking",
        "micro_start",
        "deadline_risk_map",
        "recovery_buffer"
      ],
      "dominant_verdict": "needs_finish_support"
    },
    {
      "user_id": "burnout_user",
      "scenario_id": "startup_validation",
      "domain": "business",
      "action": "recovery_first_plan",
      "avg_completion": 16,
      "overwhelm_rate": 64,
      "recommended_structures": [
        "one_user_profile",
        "landing_page_mvp",
        "interview_script",
        "tiny_offer"
      ],
      "dominant_verdict": "needs_recovery_first"
    },
    {
      "user_id": "adhd_student",
      "scenario_id": "research_paper",
      "domain": "school_assignment",
      "action": "recovery_first_plan",
      "avg_completion": 25,
      "overwhelm_rate": 56,
      "recommended_structures": [
        "bad_first_draft",
        "source_micro_goal",
        "outline_first",
        "checkpoint_rewards"
      ],
      "dominant_verdict": "needs_recovery_first"
    }
  ]
}
Bridge Brain Safe start: 2026-05-07 17:30:01.165552
Using Python interpreter: /home/ubuntu/bridge-engine/venv/bin/python
Running: scripts/automation_runner.py
Running: scripts/reward_loop_engine.py
Running: scripts/context_intelligence_engine.py
Running: scripts/path_effectiveness_engine.py
Running: scripts/adaptive_learning_engine.py
Running: scripts/adaptive_backend_brain.py
Running: scripts/smart_path_simulation_engine.py
Running: scripts/complex_path_simulation_engine.py
Bridge Brain Safe complete: 2026-05-07 17:30:02.229014
{
  "ok": true,
  "ran_at": "2026-05-07 17:40:01",
  "runs": 33,
  "retention": {
    "generated_at": "2026-05-07 17:40:01",
    "total_paths": 1,
    "started_paths": 0,
    "completed_paths": 0,
    "partial_paths": 0,
    "abandoned_paths": 1,
    "total_steps": 4,
    "done_steps": 0,
    "completion_rate": 0,
    "start_rate": 0,
    "feedback_events": 0,
    "overwhelm_events": 0,
    "flow_events": 0,
    "recommended_energy_mode": "focused"
  },
  "actions": [
    {
      "type": "momentum_recovery",
      "title": "Offer a 3-minute restart task for abandoned paths",
      "priority": "high"
    },
    {
      "type": "clarity",
      "title": "Rewrite checkpoints to be more concrete",
      "priority": "high"
    }
  ]
}
{
  "ok": true,
  "ran_at": "2026-05-07 17:40:01",
  "runs": 27,
  "reward_style": "restart_friction_reducer",
  "task_size": "tiny",
  "loops": [
    "Instant Visible Progress",
    "Momentum Continuation",
    "Friction Recovery",
    "Novelty Injection",
    "Identity Reinforcement"
  ]
}
{
  "ok": true,
  "generated_at": "2026-05-07 17:40:01",
  "recommendation": {
    "best_time_of_day": "morning",
    "best_energy_mode": "focused",
    "best_environment": "desk",
    "best_session_length": "medium",
    "recommended_task_mode": "guided_progress",
    "recommended_minutes": 10,
    "message": "Best current pattern: medium guided_progress tasks during morning, ideally in desk mode."
  }
}
{
  "ok": true,
  "generated_at": "2026-05-07 17:40:01",
  "recommendations": [
    {
      "goal_type": "language",
      "action": "improve_activation",
      "message": "This path needs a stronger first visible win and clearer emotional payoff."
    }
  ]
}
{
  "ok": true,
  "generated_at": "2026-05-07 17:40:01",
  "mode": "micro_activation",
  "rules": [
    "Default new tasks into low-friction micro-start format."
  ]
}
{
  "ok": true,
  "generated_at": "2026-05-07 17:40:01",
  "merged_filter_count": 40,
  "promoted": 4,
  "watch": 36,
  "suppressed": 3,
  "path_rules": 27,
  "best_default_features": [
    "visible_artifact",
    "challenge_mode",
    "project_first",
    "recovery_mode",
    "visual_example",
    "walking_mode"
  ]
}
{
  "ok": true,
  "generated_at": "2026-05-07 17:40:01",
  "new_events": 60,
  "total_events": 1560,
  "filter_count": 10,
  "sample_filters": [
    {
      "user_id": "audio_walking_learner",
      "goal_id": "filmmaking",
      "action": "balanced",
      "required_features": [
        "walking_mode",
        "project_first",
        "clear_checkpoint"
      ],
      "avoid_features": [],
      "best_modality": "gamified",
      "best_difficulty": "easy",
      "completion_rate": 55,
      "start_rate": 86
    },
    {
      "user_id": "audio_walking_learner",
      "goal_id": "web_design",
      "action": "finish_support",
      "required_features": [
        "walking_mode",
        "deadline_aware",
        "clear_checkpoint"
      ],
      "avoid_features": [],
      "best_modality": "gamified",
      "best_difficulty": "medium",
      "completion_rate": 53,
      "start_rate": 90
    },
    {
      "user_id": "adhd_overwhelmed_student",
      "goal_id": "web_design",
      "action": "micro_recovery_first",
      "required_features": [
        "walking_mode",
        "low_text",
        "outside_app_ready"
      ],
      "avoid_features": [],
      "best_modality": "music_supported",
      "best_difficulty": "medium",
      "completion_rate": 27,
      "start_rate": 66
    },
    {
      "user_id": "burnout_recovery_user",
      "goal_id": "web_design",
      "action": "finish_support",
      "required_features": [
        "audio_mode",
        "walking_mode",
        "deadline_aware"
      ],
      "avoid_features": [],
      "best_modality": "visual",
      "best_difficulty": "easy",
      "completion_rate": 41,
      "start_rate": 72
    },
    {
      "user_id": "visual_project_learner",
      "goal_id": "filmmaking",
      "action": "challenge_and_scale",
      "required_features": [
        "project_first",
        "visible_artifact",
        "recovery_mode"
      ],
      "avoid_features": [],
      "best_modality": "reading",
      "best_difficulty": "hard",
      "completion_rate": 69,
      "start_rate": 96
    }
  ]
}
{
  "ok": true,
  "generated_at": "2026-05-07 17:40:02",
  "new_events": 36,
  "total_events": 936,
  "filter_count": 30,
  "sample_filters": [
    {
      "user_id": "busy_worker_student",
      "scenario_id": "semester_overload",
      "domain": "college",
      "action": "checkpoint_finish_plan",
      "avg_completion": 50,
      "overwhelm_rate": 34,
      "recommended_structures": [
        "calendar_chunking",
        "micro_start",
        "deadline_risk_map",
        "recovery_buffer"
      ],
      "dominant_verdict": "needs_finish_support"
    },
    {
      "user_id": "creative_project_user",
      "scenario_id": "make_a_movie",
      "domain": "filmmaking",
      "action": "checkpoint_finish_plan",
      "avg_completion": 61,
      "overwhelm_rate": 68,
      "recommended_structures": [
        "phone_only_mode",
        "15_second_scene",
        "storyboard_3_frames",
        "publishable_microfilm"
      ],
      "dominant_verdict": "needs_finish_support"
    },
    {
      "user_id": "creative_project_user",
      "scenario_id": "semester_overload",
      "domain": "college",
      "action": "checkpoint_finish_plan",
      "avg_completion": 48,
      "overwhelm_rate": 22,
      "recommended_structures": [
        "calendar_chunking",
        "micro_start",
        "deadline_risk_map",
        "recovery_buffer"
      ],
      "dominant_verdict": "needs_finish_support"
    },
    {
      "user_id": "burnout_user",
      "scenario_id": "startup_validation",
      "domain": "business",
      "action": "recovery_first_plan",
      "avg_completion": 16,
      "overwhelm_rate": 63,
      "recommended_structures": [
        "one_user_profile",
        "landing_page_mvp",
        "interview_script",
        "tiny_offer"
      ],
      "dominant_verdict": "needs_recovery_first"
    },
    {
      "user_id": "adhd_student",
      "scenario_id": "research_paper",
      "domain": "school_assignment",
      "action": "recovery_first_plan",
      "avg_completion": 26,
      "overwhelm_rate": 52,
      "recommended_structures": [
        "bad_first_draft",
        "source_micro_goal",
        "outline_first",
        "checkpoint_rewards"
      ],
      "dominant_verdict": "needs_recovery_first"
    }
  ]
}
Bridge Brain Safe start: 2026-05-07 17:40:01.274889
Using Python interpreter: /home/ubuntu/bridge-engine/venv/bin/python
Running: scripts/automation_runner.py
Running: scripts/reward_loop_engine.py
Running: scripts/context_intelligence_engine.py
Running: scripts/path_effectiveness_engine.py
Running: scripts/adaptive_learning_engine.py
Running: scripts/adaptive_backend_brain.py
Running: scripts/smart_path_simulation_engine.py
Running: scripts/complex_path_simulation_engine.py
Bridge Brain Safe complete: 2026-05-07 17:40:02.325978
{
  "ok": true,
  "ran_at": "2026-05-07 17:50:01",
  "runs": 34,
  "retention": {
    "generated_at": "2026-05-07 17:50:01",
    "total_paths": 1,
    "started_paths": 0,
    "completed_paths": 0,
    "partial_paths": 0,
    "abandoned_paths": 1,
    "total_steps": 4,
    "done_steps": 0,
    "completion_rate": 0,
    "start_rate": 0,
    "feedback_events": 0,
    "overwhelm_events": 0,
    "flow_events": 0,
    "recommended_energy_mode": "focused"
  },
  "actions": [
    {
      "type": "momentum_recovery",
      "title": "Offer a 3-minute restart task for abandoned paths",
      "priority": "high"
    },
    {
      "type": "clarity",
      "title": "Rewrite checkpoints to be more concrete",
      "priority": "high"
    }
  ]
}
{
  "ok": true,
  "ran_at": "2026-05-07 17:50:01",
  "runs": 28,
  "reward_style": "restart_friction_reducer",
  "task_size": "tiny",
  "loops": [
    "Instant Visible Progress",
    "Momentum Continuation",
    "Friction Recovery",
    "Novelty Injection",
    "Identity Reinforcement"
  ]
}
{
  "ok": true,
  "generated_at": "2026-05-07 17:50:01",
  "recommendation": {
    "best_time_of_day": "morning",
    "best_energy_mode": "focused",
    "best_environment": "desk",
    "best_session_length": "medium",
    "recommended_task_mode": "guided_progress",
    "recommended_minutes": 10,
    "message": "Best current pattern: medium guided_progress tasks during morning, ideally in desk mode."
  }
}
{
  "ok": true,
  "generated_at": "2026-05-07 17:50:01",
  "recommendations": [
    {
      "goal_type": "language",
      "action": "improve_activation",
      "message": "This path needs a stronger first visible win and clearer emotional payoff."
    }
  ]
}
{
  "ok": true,
  "generated_at": "2026-05-07 17:50:01",
  "mode": "micro_activation",
  "rules": [
    "Default new tasks into low-friction micro-start format."
  ]
}
{
  "ok": true,
  "generated_at": "2026-05-07 17:50:01",
  "merged_filter_count": 40,
  "promoted": 4,
  "watch": 36,
  "suppressed": 3,
  "path_rules": 27,
  "best_default_features": [
    "visible_artifact",
    "project_first",
    "challenge_mode",
    "recovery_mode",
    "walking_mode"
  ]
}
{
  "ok": true,
  "generated_at": "2026-05-07 17:50:02",
  "new_events": 60,
  "total_events": 1620,
  "filter_count": 10,
  "sample_filters": [
    {
      "user_id": "audio_walking_learner",
      "goal_id": "filmmaking",
      "action": "balanced",
      "required_features": [
        "walking_mode",
        "clear_checkpoint",
        "project_first"
      ],
      "avoid_features": [],
      "best_modality": "gamified",
      "best_difficulty": "easy",
      "completion_rate": 55,
      "start_rate": 87
    },
    {
      "user_id": "audio_walking_learner",
      "goal_id": "web_design",
      "action": "finish_support",
      "required_features": [
        "walking_mode",
        "deadline_aware",
        "clear_checkpoint"
      ],
      "avoid_features": [],
      "best_modality": "gamified",
      "best_difficulty": "medium",
      "completion_rate": 53,
      "start_rate": 89
    },
    {
      "user_id": "adhd_overwhelmed_student",
      "goal_id": "web_design",
      "action": "micro_recovery_first",
      "required_features": [
        "walking_mode",
        "low_text",
        "recovery_mode"
      ],
      "avoid_features": [],
      "best_modality": "music_supported",
      "best_difficulty": "easy",
      "completion_rate": 27,
      "start_rate": 65
    },
    {
      "user_id": "burnout_recovery_user",
      "goal_id": "web_design",
      "action": "finish_support",
      "required_features": [
        "audio_mode",
        "low_text",
        "deadline_aware"
      ],
      "avoid_features": [],
      "best_modality": "visual",
      "best_difficulty": "easy",
      "completion_rate": 42,
      "start_rate": 74
    },
    {
      "user_id": "visual_project_learner",
      "goal_id": "filmmaking",
      "action": "challenge_and_scale",
      "required_features": [
        "project_first",
        "visible_artifact",
        "recovery_mode"
      ],
      "avoid_features": [],
      "best_modality": "reading",
      "best_difficulty": "hard",
      "completion_rate": 69,
      "start_rate": 96
    }
  ]
}
{
  "ok": true,
  "generated_at": "2026-05-07 17:50:02",
  "new_events": 36,
  "total_events": 972,
  "filter_count": 30,
  "sample_filters": [
    {
      "user_id": "busy_worker_student",
      "scenario_id": "semester_overload",
      "domain": "college",
      "action": "checkpoint_finish_plan",
      "avg_completion": 50,
      "overwhelm_rate": 39,
      "recommended_structures": [
        "calendar_chunking",
        "micro_start",
        "deadline_risk_map",
        "recovery_buffer"
      ],
      "dominant_verdict": "needs_finish_support"
    },
    {
      "user_id": "creative_project_user",
      "scenario_id": "make_a_movie",
      "domain": "filmmaking",
      "action": "checkpoint_finish_plan",
      "avg_completion": 61,
      "overwhelm_rate": 68,
      "recommended_structures": [
        "phone_only_mode",
        "15_second_scene",
        "storyboard_3_frames",
        "publishable_microfilm"
      ],
      "dominant_verdict": "needs_finish_support"
    },
    {
      "user_id": "creative_project_user",
      "scenario_id": "semester_overload",
      "domain": "college",
      "action": "micro_start_plan",
      "avg_completion": 49,
      "overwhelm_rate": 20,
      "recommended_structures": [
        "calendar_chunking",
        "micro_start",
        "deadline_risk_map",
        "recovery_buffer"
      ],
      "dominant_verdict": "needs_lower_activation"
    },
    {
      "user_id": "burnout_user",
      "scenario_id": "startup_validation",
      "domain": "business",
      "action": "recovery_first_plan",
      "avg_completion": 16,
      "overwhelm_rate": 61,
      "recommended_structures": [
        "one_user_profile",
        "landing_page_mvp",
        "interview_script",
        "tiny_offer"
      ],
      "dominant_verdict": "needs_recovery_first"
    },
    {
      "user_id": "adhd_student",
      "scenario_id": "research_paper",
      "domain": "school_assignment",
      "action": "recovery_first_plan",
      "avg_completion": 25,
      "overwhelm_rate": 50,
      "recommended_structures": [
        "bad_first_draft",
        "source_micro_goal",
        "outline_first",
        "checkpoint_rewards"
      ],
      "dominant_verdict": "needs_recovery_first"
    }
  ]
}
Bridge Brain Safe start: 2026-05-07 17:50:01.372742
Using Python interpreter: /home/ubuntu/bridge-engine/venv/bin/python
Running: scripts/automation_runner.py
Running: scripts/reward_loop_engine.py
Running: scripts/context_intelligence_engine.py
Running: scripts/path_effectiveness_engine.py
Running: scripts/adaptive_learning_engine.py
Running: scripts/adaptive_backend_brain.py
Running: scripts/smart_path_simulation_engine.py
Running: scripts/complex_path_simulation_engine.py
Bridge Brain Safe complete: 2026-05-07 17:50:02.443836
{
  "ok": true,
  "ran_at": "2026-05-07 18:00:01",
  "runs": 35,
  "retention": {
    "generated_at": "2026-05-07 18:00:01",
    "total_paths": 1,
    "started_paths": 0,
    "completed_paths": 0,
    "partial_paths": 0,
    "abandoned_paths": 1,
    "total_steps": 4,
    "done_steps": 0,
    "completion_rate": 0,
    "start_rate": 0,
    "feedback_events": 0,
    "overwhelm_events": 0,
    "flow_events": 0,
    "recommended_energy_mode": "focused"
  },
  "actions": [
    {
      "type": "momentum_recovery",
      "title": "Offer a 3-minute restart task for abandoned paths",
      "priority": "high"
    },
    {
      "type": "clarity",
      "title": "Rewrite checkpoints to be more concrete",
      "priority": "high"
    }
  ]
}
{
  "ok": true,
  "ran_at": "2026-05-07 18:00:01",
  "runs": 29,
  "reward_style": "restart_friction_reducer",
  "task_size": "tiny",
  "loops": [
    "Instant Visible Progress",
    "Momentum Continuation",
    "Friction Recovery",
    "Novelty Injection",
    "Identity Reinforcement"
  ]
}
{
  "ok": true,
  "generated_at": "2026-05-07 18:00:01",
  "recommendation": {
    "best_time_of_day": "morning",
    "best_energy_mode": "focused",
    "best_environment": "desk",
    "best_session_length": "medium",
    "recommended_task_mode": "guided_progress",
    "recommended_minutes": 10,
    "message": "Best current pattern: medium guided_progress tasks during morning, ideally in desk mode."
  }
}
{
  "ok": true,
  "generated_at": "2026-05-07 18:00:01",
  "recommendations": [
    {
      "goal_type": "language",
      "action": "improve_activation",
      "message": "This path needs a stronger first visible win and clearer emotional payoff."
    }
  ]
}
{
  "ok": true,
  "generated_at": "2026-05-07 18:00:01",
  "mode": "micro_activation",
  "rules": [
    "Default new tasks into low-friction micro-start format."
  ]
}
{
  "ok": true,
  "generated_at": "2026-05-07 18:00:02",
  "merged_filter_count": 40,
  "promoted": 4,
  "watch": 36,
  "suppressed": 3,
  "path_rules": 27,
  "best_default_features": [
    "visible_artifact",
    "project_first",
    "challenge_mode",
    "recovery_mode",
    "walking_mode"
  ]
}
{
  "ok": true,
  "generated_at": "2026-05-07 18:00:02",
  "new_events": 60,
  "total_events": 1680,
  "filter_count": 10,
  "sample_filters": [
    {
      "user_id": "audio_walking_learner",
      "goal_id": "filmmaking",
      "action": "balanced",
      "required_features": [
        "clear_checkpoint",
        "walking_mode",
        "audio_mode"
      ],
      "avoid_features": [],
      "best_modality": "gamified",
      "best_difficulty": "medium",
      "completion_rate": 56,
      "start_rate": 86
    },
    {
      "user_id": "audio_walking_learner",
      "goal_id": "web_design",
      "action": "finish_support",
      "required_features": [
        "walking_mode",
        "clear_checkpoint",
        "low_text"
      ],
      "avoid_features": [],
      "best_modality": "audio",
      "best_difficulty": "medium",
      "completion_rate": 52,
      "start_rate": 90
    },
    {
      "user_id": "adhd_overwhelmed_student",
      "goal_id": "web_design",
      "action": "micro_recovery_first",
      "required_features": [
        "walking_mode",
        "low_text",
        "micro_start"
      ],
      "avoid_features": [],
      "best_modality": "walking",
      "best_difficulty": "easy",
      "completion_rate": 26,
      "start_rate": 63
    },
    {
      "user_id": "burnout_recovery_user",
      "goal_id": "web_design",
      "action": "finish_support",
      "required_features": [
        "audio_mode",
        "deadline_aware",
        "low_text"
      ],
      "avoid_features": [],
      "best_modality": "visual",
      "best_difficulty": "easy",
      "completion_rate": 41,
      "start_rate": 73
    },
    {
      "user_id": "visual_project_learner",
      "goal_id": "filmmaking",
      "action": "challenge_and_scale",
      "required_features": [
        "project_first",
        "visible_artifact",
        "micro_start"
      ],
      "avoid_features": [],
      "best_modality": "reading",
      "best_difficulty": "hard",
      "completion_rate": 69,
      "start_rate": 96
    }
  ]
}
{
  "ok": true,
  "generated_at": "2026-05-07 18:00:02",
  "new_events": 36,
  "total_events": 1008,
  "filter_count": 30,
  "sample_filters": [
    {
      "user_id": "busy_worker_student",
      "scenario_id": "semester_overload",
      "domain": "college",
      "action": "micro_start_plan",
      "avg_completion": 49,
      "overwhelm_rate": 38,
      "recommended_structures": [
        "calendar_chunking",
        "micro_start",
        "deadline_risk_map",
        "recovery_buffer"
      ],
      "dominant_verdict": "needs_lower_activation"
    },
    {
      "user_id": "creative_project_user",
      "scenario_id": "make_a_movie",
      "domain": "filmmaking",
      "action": "checkpoint_finish_plan",
      "avg_completion": 61,
      "overwhelm_rate": 65,
      "recommended_structures": [
        "phone_only_mode",
        "15_second_scene",
        "storyboard_3_frames",
        "publishable_microfilm"
      ],
      "dominant_verdict": "needs_finish_support"
    },
    {
      "user_id": "creative_project_user",
      "scenario_id": "semester_overload",
      "domain": "college",
      "action": "micro_start_plan",
      "avg_completion": 49,
      "overwhelm_rate": 20,
      "recommended_structures": [
        "calendar_chunking",
        "micro_start",
        "deadline_risk_map",
        "recovery_buffer"
      ],
      "dominant_verdict": "needs_lower_activation"
    },
    {
      "user_id": "burnout_user",
      "scenario_id": "startup_validation",
      "domain": "business",
      "action": "recovery_first_plan",
      "avg_completion": 16,
      "overwhelm_rate": 61,
      "recommended_structures": [
        "one_user_profile",
        "landing_page_mvp",
        "interview_script",
        "tiny_offer"
      ],
      "dominant_verdict": "needs_recovery_first"
    },
    {
      "user_id": "adhd_student",
      "scenario_id": "research_paper",
      "domain": "school_assignment",
      "action": "recovery_first_plan",
      "avg_completion": 26,
      "overwhelm_rate": 51,
      "recommended_structures": [
        "bad_first_draft",
        "source_micro_goal",
        "outline_first",
        "checkpoint_rewards"
      ],
      "dominant_verdict": "needs_recovery_first"
    }
  ]
}
Bridge Brain Safe start: 2026-05-07 18:00:01.532694
Using Python interpreter: /home/ubuntu/bridge-engine/venv/bin/python
Running: scripts/automation_runner.py
Running: scripts/reward_loop_engine.py
Running: scripts/context_intelligence_engine.py
Running: scripts/path_effectiveness_engine.py
Running: scripts/adaptive_learning_engine.py
Running: scripts/adaptive_backend_brain.py
Running: scripts/smart_path_simulation_engine.py
Running: scripts/complex_path_simulation_engine.py
Bridge Brain Safe complete: 2026-05-07 18:00:02.700936
{
  "ok": true,
  "ran_at": "2026-05-07 18:10:01",
  "runs": 36,
  "retention": {
    "generated_at": "2026-05-07 18:10:01",
    "total_paths": 1,
    "started_paths": 0,
    "completed_paths": 0,
    "partial_paths": 0,
    "abandoned_paths": 1,
    "total_steps": 4,
    "done_steps": 0,
    "completion_rate": 0,
    "start_rate": 0,
    "feedback_events": 0,
    "overwhelm_events": 0,
    "flow_events": 0,
    "recommended_energy_mode": "focused"
  },
  "actions": [
    {
      "type": "momentum_recovery",
      "title": "Offer a 3-minute restart task for abandoned paths",
      "priority": "high"
    },
    {
      "type": "clarity",
      "title": "Rewrite checkpoints to be more concrete",
      "priority": "high"
    }
  ]
}
{
  "ok": true,
  "ran_at": "2026-05-07 18:10:01",
  "runs": 30,
  "reward_style": "restart_friction_reducer",
  "task_size": "tiny",
  "loops": [
    "Instant Visible Progress",
    "Momentum Continuation",
    "Friction Recovery",
    "Novelty Injection",
    "Identity Reinforcement"
  ]
}
{
  "ok": true,
  "generated_at": "2026-05-07 18:10:01",
  "recommendation": {
    "best_time_of_day": "morning",
    "best_energy_mode": "focused",
    "best_environment": "desk",
    "best_session_length": "medium",
    "recommended_task_mode": "guided_progress",
    "recommended_minutes": 10,
    "message": "Best current pattern: medium guided_progress tasks during morning, ideally in desk mode."
  }
}
{
  "ok": true,
  "generated_at": "2026-05-07 18:10:02",
  "recommendations": [
    {
      "goal_type": "language",
      "action": "improve_activation",
      "message": "This path needs a stronger first visible win and clearer emotional payoff."
    }
  ]
}
{
  "ok": true,
  "generated_at": "2026-05-07 18:10:02",
  "mode": "micro_activation",
  "rules": [
    "Default new tasks into low-friction micro-start format."
  ]
}
{
  "ok": true,
  "generated_at": "2026-05-07 18:10:02",
  "merged_filter_count": 40,
  "promoted": 4,
  "watch": 36,
  "suppressed": 3,
  "path_rules": 27,
  "best_default_features": [
    "visible_artifact",
    "project_first",
    "walking_mode",
    "visual_example",
    "challenge_mode",
    "recovery_mode",
    "low_text",
    "micro_start"
  ]
}
{
  "ok": true,
  "generated_at": "2026-05-07 18:10:02",
  "new_events": 60,
  "total_events": 1740,
  "filter_count": 10,
  "sample_filters": [
    {
      "user_id": "audio_walking_learner",
      "goal_id": "filmmaking",
      "action": "balanced",
      "required_features": [
        "clear_checkpoint",
        "walking_mode",
        "audio_mode"
      ],
      "avoid_features": [],
      "best_modality": "gamified",
      "best_difficulty": "medium",
      "completion_rate": 57,
      "start_rate": 86
    },
    {
      "user_id": "audio_walking_learner",
      "goal_id": "web_design",
      "action": "finish_support",
      "required_features": [
        "walking_mode",
        "deadline_aware",
        "clear_checkpoint"
      ],
      "avoid_features": [],
      "best_modality": "reading",
      "best_difficulty": "medium",
      "completion_rate": 52,
      "start_rate": 89
    },
    {
      "user_id": "adhd_overwhelmed_student",
      "goal_id": "web_design",
      "action": "micro_recovery_first",
      "required_features": [
        "walking_mode",
        "low_text",
        "micro_start"
      ],
      "avoid_features": [],
      "best_modality": "walking",
      "best_difficulty": "easy",
      "completion_rate": 27,
      "start_rate": 63
    },
    {
      "user_id": "burnout_recovery_user",
      "goal_id": "web_design",
      "action": "finish_support",
      "required_features": [
        "audio_mode",
        "deadline_aware",
        "walking_mode"
      ],
      "avoid_features": [],
      "best_modality": "visual",
      "best_difficulty": "easy",
      "completion_rate": 40,
      "start_rate": 73
    },
    {
      "user_id": "visual_project_learner",
      "goal_id": "filmmaking",
      "action": "challenge_and_scale",
      "required_features": [
        "project_first",
        "visible_artifact",
        "micro_start"
      ],
      "avoid_features": [],
      "best_modality": "reading",
      "best_difficulty": "hard",
      "completion_rate": 69,
      "start_rate": 97
    }
  ]
}
{
  "ok": true,
  "generated_at": "2026-05-07 18:10:02",
  "new_events": 36,
  "total_events": 1044,
  "filter_count": 30,
  "sample_filters": [
    {
      "user_id": "busy_worker_student",
      "scenario_id": "semester_overload",
      "domain": "college",
      "action": "micro_start_plan",
      "avg_completion": 49,
      "overwhelm_rate": 38,
      "recommended_structures": [
        "calendar_chunking",
        "micro_start",
        "deadline_risk_map",
        "recovery_buffer"
      ],
      "dominant_verdict": "needs_lower_activation"
    },
    {
      "user_id": "creative_project_user",
      "scenario_id": "make_a_movie",
      "domain": "filmmaking",
      "action": "checkpoint_finish_plan",
      "avg_completion": 61,
      "overwhelm_rate": 61,
      "recommended_structures": [
        "phone_only_mode",
        "15_second_scene",
        "storyboard_3_frames",
        "publishable_microfilm"
      ],
      "dominant_verdict": "needs_finish_support"
    },
    {
      "user_id": "creative_project_user",
      "scenario_id": "semester_overload",
      "domain": "college",
      "action": "micro_start_plan",
      "avg_completion": 49,
      "overwhelm_rate": 20,
      "recommended_structures": [
        "calendar_chunking",
        "micro_start",
        "deadline_risk_map",
        "recovery_buffer"
      ],
      "dominant_verdict": "needs_lower_activation"
    },
    {
      "user_id": "burnout_user",
      "scenario_id": "startup_validation",
      "domain": "business",
      "action": "recovery_first_plan",
      "avg_completion": 16,
      "overwhelm_rate": 61,
      "recommended_structures": [
        "one_user_profile",
        "landing_page_mvp",
        "interview_script",
        "tiny_offer"
      ],
      "dominant_verdict": "needs_recovery_first"
    },
    {
      "user_id": "adhd_student",
      "scenario_id": "research_paper",
      "domain": "school_assignment",
      "action": "recovery_first_plan",
      "avg_completion": 27,
      "overwhelm_rate": 53,
      "recommended_structures": [
        "bad_first_draft",
        "source_micro_goal",
        "outline_first",
        "checkpoint_rewards"
      ],
      "dominant_verdict": "needs_recovery_first"
    }
  ]
}
Bridge Brain Safe start: 2026-05-07 18:10:01.744926
Using Python interpreter: /home/ubuntu/bridge-engine/venv/bin/python
Running: scripts/automation_runner.py
Running: scripts/reward_loop_engine.py
Running: scripts/context_intelligence_engine.py
Running: scripts/path_effectiveness_engine.py
Running: scripts/adaptive_learning_engine.py
Running: scripts/adaptive_backend_brain.py
Running: scripts/smart_path_simulation_engine.py
Running: scripts/complex_path_simulation_engine.py
Bridge Brain Safe complete: 2026-05-07 18:10:02.904843
{
  "ok": true,
  "ran_at": "2026-05-07 18:20:02",
  "runs": 37,
  "retention": {
    "generated_at": "2026-05-07 18:20:02",
    "total_paths": 1,
    "started_paths": 0,
    "completed_paths": 0,
    "partial_paths": 0,
    "abandoned_paths": 1,
    "total_steps": 4,
    "done_steps": 0,
    "completion_rate": 0,
    "start_rate": 0,
    "feedback_events": 0,
    "overwhelm_events": 0,
    "flow_events": 0,
    "recommended_energy_mode": "focused"
  },
  "actions": [
    {
      "type": "momentum_recovery",
      "title": "Offer a 3-minute restart task for abandoned paths",
      "priority": "high"
    },
    {
      "type": "clarity",
      "title": "Rewrite checkpoints to be more concrete",
      "priority": "high"
    }
  ]
}
{
  "ok": true,
  "ran_at": "2026-05-07 18:20:02",
  "runs": 31,
  "reward_style": "restart_friction_reducer",
  "task_size": "tiny",
  "loops": [
    "Instant Visible Progress",
    "Momentum Continuation",
    "Friction Recovery",
    "Novelty Injection",
    "Identity Reinforcement"
  ]
}
{
  "ok": true,
  "generated_at": "2026-05-07 18:20:02",
  "recommendation": {
    "best_time_of_day": "morning",
    "best_energy_mode": "focused",
    "best_environment": "desk",
    "best_session_length": "medium",
    "recommended_task_mode": "guided_progress",
    "recommended_minutes": 10,
    "message": "Best current pattern: medium guided_progress tasks during morning, ideally in desk mode."
  }
}
{
  "ok": true,
  "generated_at": "2026-05-07 18:20:02",
  "recommendations": [
    {
      "goal_type": "language",
      "action": "improve_activation",
      "message": "This path needs a stronger first visible win and clearer emotional payoff."
    }
  ]
}
{
  "ok": true,
  "generated_at": "2026-05-07 18:20:02",
  "mode": "micro_activation",
  "rules": [
    "Default new tasks into low-friction micro-start format."
  ]
}
{
  "ok": true,
  "generated_at": "2026-05-07 18:20:02",
  "merged_filter_count": 40,
  "promoted": 4,
  "watch": 36,
  "suppressed": 3,
  "path_rules": 27,
  "best_default_features": [
    "visible_artifact",
    "project_first",
    "challenge_mode",
    "walking_mode",
    "visual_example",
    "micro_start",
    "recovery_mode",
    "low_text"
  ]
}
{
  "ok": true,
  "generated_at": "2026-05-07 18:20:02",
  "new_events": 60,
  "total_events": 1800,
  "filter_count": 10,
  "sample_filters": [
    {
      "user_id": "audio_walking_learner",
      "goal_id": "filmmaking",
      "action": "balanced",
      "required_features": [
        "clear_checkpoint",
        "walking_mode",
        "audio_mode"
      ],
      "avoid_features": [],
      "best_modality": "gamified",
      "best_difficulty": "medium",
      "completion_rate": 56,
      "start_rate": 86
    },
    {
      "user_id": "audio_walking_learner",
      "goal_id": "web_design",
      "action": "finish_support",
      "required_features": [
        "walking_mode",
        "deadline_aware",
        "low_text"
      ],
      "avoid_features": [],
      "best_modality": "reading",
      "best_difficulty": "medium",
      "completion_rate": 53,
      "start_rate": 89
    },
    {
      "user_id": "adhd_overwhelmed_student",
      "goal_id": "web_design",
      "action": "micro_recovery_first",
      "required_features": [
        "walking_mode",
        "low_text",
        "recovery_mode"
      ],
      "avoid_features": [],
      "best_modality": "walking",
      "best_difficulty": "easy",
      "completion_rate": 27,
      "start_rate": 64
    },
    {
      "user_id": "burnout_recovery_user",
      "goal_id": "web_design",
      "action": "finish_support",
      "required_features": [
        "audio_mode",
        "deadline_aware",
        "low_text"
      ],
      "avoid_features": [],
      "best_modality": "visual",
      "best_difficulty": "easy",
      "completion_rate": 41,
      "start_rate": 73
    },
    {
      "user_id": "visual_project_learner",
      "goal_id": "filmmaking",
      "action": "challenge_and_scale",
      "required_features": [
        "project_first",
        "visible_artifact",
        "micro_start"
      ],
      "avoid_features": [],
      "best_modality": "reading",
      "best_difficulty": "hard",
      "completion_rate": 70,
      "start_rate": 97
    }
  ]
}
{
  "ok": true,
  "generated_at": "2026-05-07 18:20:03",
  "new_events": 36,
  "total_events": 1080,
  "filter_count": 30,
  "sample_filters": [
    {
      "user_id": "busy_worker_student",
      "scenario_id": "semester_overload",
      "domain": "college",
      "action": "micro_start_plan",
      "avg_completion": 50,
      "overwhelm_rate": 37,
      "recommended_structures": [
        "calendar_chunking",
        "micro_start",
        "deadline_risk_map",
        "recovery_buffer"
      ],
      "dominant_verdict": "needs_lower_activation"
    },
    {
      "user_id": "creative_project_user",
      "scenario_id": "make_a_movie",
      "domain": "filmmaking",
      "action": "checkpoint_finish_plan",
      "avg_completion": 61,
      "overwhelm_rate": 61,
      "recommended_structures": [
        "phone_only_mode",
        "15_second_scene",
        "storyboard_3_frames",
        "publishable_microfilm"
      ],
      "dominant_verdict": "needs_finish_support"
    },
    {
      "user_id": "creative_project_user",
      "scenario_id": "semester_overload",
      "domain": "college",
      "action": "micro_start_plan",
      "avg_completion": 49,
      "overwhelm_rate": 20,
      "recommended_structures": [
        "calendar_chunking",
        "micro_start",
        "deadline_risk_map",
        "recovery_buffer"
      ],
      "dominant_verdict": "needs_lower_activation"
    },
    {
      "user_id": "burnout_user",
      "scenario_id": "startup_validation",
      "domain": "business",
      "action": "recovery_first_plan",
      "avg_completion": 16,
      "overwhelm_rate": 63,
      "recommended_structures": [
        "one_user_profile",
        "landing_page_mvp",
        "interview_script",
        "tiny_offer"
      ],
      "dominant_verdict": "needs_recovery_first"
    },
    {
      "user_id": "adhd_student",
      "scenario_id": "research_paper",
      "domain": "school_assignment",
      "action": "recovery_first_plan",
      "avg_completion": 28,
      "overwhelm_rate": 56,
      "recommended_structures": [
        "bad_first_draft",
        "source_micro_goal",
        "outline_first",
        "checkpoint_rewards"
      ],
      "dominant_verdict": "needs_recovery_first"
    }
  ]
}
Bridge Brain Safe start: 2026-05-07 18:20:01.957101
Using Python interpreter: /home/ubuntu/bridge-engine/venv/bin/python
Running: scripts/automation_runner.py
Running: scripts/reward_loop_engine.py
Running: scripts/context_intelligence_engine.py
Running: scripts/path_effectiveness_engine.py
Running: scripts/adaptive_learning_engine.py
Running: scripts/adaptive_backend_brain.py
Running: scripts/smart_path_simulation_engine.py
Running: scripts/complex_path_simulation_engine.py
Bridge Brain Safe complete: 2026-05-07 18:20:03.117817
{
  "ok": true,
  "ran_at": "2026-05-07 18:30:01",
  "runs": 38,
  "retention": {
    "generated_at": "2026-05-07 18:30:01",
    "total_paths": 1,
    "started_paths": 0,
    "completed_paths": 0,
    "partial_paths": 0,
    "abandoned_paths": 1,
    "total_steps": 4,
    "done_steps": 0,
    "completion_rate": 0,
    "start_rate": 0,
    "feedback_events": 0,
    "overwhelm_events": 0,
    "flow_events": 0,
    "recommended_energy_mode": "focused"
  },
  "actions": [
    {
      "type": "momentum_recovery",
      "title": "Offer a 3-minute restart task for abandoned paths",
      "priority": "high"
    },
    {
      "type": "clarity",
      "title": "Rewrite checkpoints to be more concrete",
      "priority": "high"
    }
  ]
}
{
  "ok": true,
  "ran_at": "2026-05-07 18:30:01",
  "runs": 32,
  "reward_style": "restart_friction_reducer",
  "task_size": "tiny",
  "loops": [
    "Instant Visible Progress",
    "Momentum Continuation",
    "Friction Recovery",
    "Novelty Injection",
    "Identity Reinforcement"
  ]
}
{
  "ok": true,
  "generated_at": "2026-05-07 18:30:01",
  "recommendation": {
    "best_time_of_day": "morning",
    "best_energy_mode": "focused",
    "best_environment": "desk",
    "best_session_length": "medium",
    "recommended_task_mode": "guided_progress",
    "recommended_minutes": 10,
    "message": "Best current pattern: medium guided_progress tasks during morning, ideally in desk mode."
  }
}
{
  "ok": true,
  "generated_at": "2026-05-07 18:30:01",
  "recommendations": [
    {
      "goal_type": "language",
      "action": "improve_activation",
      "message": "This path needs a stronger first visible win and clearer emotional payoff."
    }
  ]
}
{
  "ok": true,
  "generated_at": "2026-05-07 18:30:01",
  "mode": "micro_activation",
  "rules": [
    "Default new tasks into low-friction micro-start format."
  ]
}
{
  "ok": true,
  "generated_at": "2026-05-07 18:30:01",
  "merged_filter_count": 40,
  "promoted": 4,
  "watch": 36,
  "suppressed": 4,
  "path_rules": 27,
  "best_default_features": [
    "visible_artifact",
    "challenge_mode",
    "project_first",
    "walking_mode",
    "micro_start",
    "recovery_mode",
    "low_text"
  ]
}
{
  "ok": true,
  "generated_at": "2026-05-07 18:30:01",
  "new_events": 60,
  "total_events": 1860,
  "filter_count": 10,
  "sample_filters": [
    {
      "user_id": "audio_walking_learner",
      "goal_id": "filmmaking",
      "action": "balanced",
      "required_features": [
        "clear_checkpoint",
        "walking_mode",
        "skill_tree"
      ],
      "avoid_features": [],
      "best_modality": "gamified",
      "best_difficulty": "medium",
      "completion_rate": 56,
      "start_rate": 86
    },
    {
      "user_id": "audio_walking_learner",
      "goal_id": "web_design",
      "action": "balanced",
      "required_features": [
        "walking_mode",
        "deadline_aware",
        "low_text"
      ],
      "avoid_features": [],
      "best_modality": "reading",
      "best_difficulty": "medium",
      "completion_rate": 55,
      "start_rate": 89
    },
    {
      "user_id": "adhd_overwhelmed_student",
      "goal_id": "web_design",
      "action": "micro_recovery_first",
      "required_features": [
        "walking_mode",
        "low_text",
        "recovery_mode"
      ],
      "avoid_features": [],
      "best_modality": "walking",
      "best_difficulty": "easy",
      "completion_rate": 26,
      "start_rate": 63
    },
    {
      "user_id": "burnout_recovery_user",
      "goal_id": "web_design",
      "action": "finish_support",
      "required_features": [
        "audio_mode",
        "walking_mode",
        "deadline_aware"
      ],
      "avoid_features": [],
      "best_modality": "visual",
      "best_difficulty": "easy",
      "completion_rate": 42,
      "start_rate": 74
    },
    {
      "user_id": "visual_project_learner",
      "goal_id": "filmmaking",
      "action": "challenge_and_scale",
      "required_features": [
        "project_first",
        "micro_start",
        "visible_artifact"
      ],
      "avoid_features": [],
      "best_modality": "reading",
      "best_difficulty": "hard",
      "completion_rate": 69,
      "start_rate": 97
    }
  ]
}
{
  "ok": true,
  "generated_at": "2026-05-07 18:30:02",
  "new_events": 36,
  "total_events": 1116,
  "filter_count": 30,
  "sample_filters": [
    {
      "user_id": "busy_worker_student",
      "scenario_id": "semester_overload",
      "domain": "college",
      "action": "micro_start_plan",
      "avg_completion": 51,
      "overwhelm_rate": 39,
      "recommended_structures": [
        "calendar_chunking",
        "micro_start",
        "deadline_risk_map",
        "recovery_buffer"
      ],
      "dominant_verdict": "needs_lower_activation"
    },
    {
      "user_id": "creative_project_user",
      "scenario_id": "make_a_movie",
      "domain": "filmmaking",
      "action": "checkpoint_finish_plan",
      "avg_completion": 61,
      "overwhelm_rate": 60,
      "recommended_structures": [
        "phone_only_mode",
        "15_second_scene",
        "storyboard_3_frames",
        "publishable_microfilm"
      ],
      "dominant_verdict": "needs_finish_support"
    },
    {
      "user_id": "creative_project_user",
      "scenario_id": "semester_overload",
      "domain": "college",
      "action": "micro_start_plan",
      "avg_completion": 48,
      "overwhelm_rate": 24,
      "recommended_structures": [
        "calendar_chunking",
        "micro_start",
        "deadline_risk_map",
        "recovery_buffer"
      ],
      "dominant_verdict": "needs_lower_activation"
    },
    {
      "user_id": "burnout_user",
      "scenario_id": "startup_validation",
      "domain": "business",
      "action": "recovery_first_plan",
      "avg_completion": 16,
      "overwhelm_rate": 63,
      "recommended_structures": [
        "one_user_profile",
        "landing_page_mvp",
        "interview_script",
        "tiny_offer"
      ],
      "dominant_verdict": "needs_recovery_first"
    },
    {
      "user_id": "adhd_student",
      "scenario_id": "research_paper",
      "domain": "school_assignment",
      "action": "recovery_first_plan",
      "avg_completion": 28,
      "overwhelm_rate": 58,
      "recommended_structures": [
        "bad_first_draft",
        "source_micro_goal",
        "outline_first",
        "checkpoint_rewards"
      ],
      "dominant_verdict": "needs_recovery_first"
    }
  ]
}
Bridge Brain Safe start: 2026-05-07 18:30:01.160698
Using Python interpreter: /home/ubuntu/bridge-engine/venv/bin/python
Running: scripts/automation_runner.py
Running: scripts/reward_loop_engine.py
Running: scripts/context_intelligence_engine.py
Running: scripts/path_effectiveness_engine.py
Running: scripts/adaptive_learning_engine.py
Running: scripts/adaptive_backend_brain.py
Running: scripts/smart_path_simulation_engine.py
Running: scripts/complex_path_simulation_engine.py
Bridge Brain Safe complete: 2026-05-07 18:30:02.324601
{
  "ok": true,
  "ran_at": "2026-05-07 18:40:01",
  "runs": 39,
  "retention": {
    "generated_at": "2026-05-07 18:40:01",
    "total_paths": 1,
    "started_paths": 0,
    "completed_paths": 0,
    "partial_paths": 0,
    "abandoned_paths": 1,
    "total_steps": 4,
    "done_steps": 0,
    "completion_rate": 0,
    "start_rate": 0,
    "feedback_events": 0,
    "overwhelm_events": 0,
    "flow_events": 0,
    "recommended_energy_mode": "focused"
  },
  "actions": [
    {
      "type": "momentum_recovery",
      "title": "Offer a 3-minute restart task for abandoned paths",
      "priority": "high"
    },
    {
      "type": "clarity",
      "title": "Rewrite checkpoints to be more concrete",
      "priority": "high"
    }
  ]
}
{
  "ok": true,
  "ran_at": "2026-05-07 18:40:01",
  "runs": 33,
  "reward_style": "restart_friction_reducer",
  "task_size": "tiny",
  "loops": [
    "Instant Visible Progress",
    "Momentum Continuation",
    "Friction Recovery",
    "Novelty Injection",
    "Identity Reinforcement"
  ]
}
{
  "ok": true,
  "generated_at": "2026-05-07 18:40:01",
  "recommendation": {
    "best_time_of_day": "morning",
    "best_energy_mode": "focused",
    "best_environment": "desk",
    "best_session_length": "medium",
    "recommended_task_mode": "guided_progress",
    "recommended_minutes": 10,
    "message": "Best current pattern: medium guided_progress tasks during morning, ideally in desk mode."
  }
}
{
  "ok": true,
  "generated_at": "2026-05-07 18:40:01",
  "recommendations": [
    {
      "goal_type": "language",
      "action": "improve_activation",
      "message": "This path needs a stronger first visible win and clearer emotional payoff."
    }
  ]
}
{
  "ok": true,
  "generated_at": "2026-05-07 18:40:01",
  "mode": "micro_activation",
  "rules": [
    "Default new tasks into low-friction micro-start format."
  ]
}
{
  "ok": true,
  "generated_at": "2026-05-07 18:40:01",
  "merged_filter_count": 40,
  "promoted": 4,
  "watch": 36,
  "suppressed": 4,
  "path_rules": 27,
  "best_default_features": [
    "visible_artifact",
    "challenge_mode",
    "project_first",
    "micro_start",
    "walking_mode",
    "recovery_mode",
    "low_text"
  ]
}
{
  "ok": true,
  "generated_at": "2026-05-07 18:40:02",
  "new_events": 60,
  "total_events": 1920,
  "filter_count": 10,
  "sample_filters": [
    {
      "user_id": "audio_walking_learner",
      "goal_id": "filmmaking",
      "action": "balanced",
      "required_features": [
        "clear_checkpoint",
        "walking_mode",
        "audio_mode"
      ],
      "avoid_features": [],
      "best_modality": "gamified",
      "best_difficulty": "medium",
      "completion_rate": 55,
      "start_rate": 85
    },
    {
      "user_id": "audio_walking_learner",
      "goal_id": "web_design",
      "action": "balanced",
      "required_features": [
        "walking_mode",
        "deadline_aware",
        "low_text"
      ],
      "avoid_features": [],
      "best_modality": "reading",
      "best_difficulty": "medium",
      "completion_rate": 55,
      "start_rate": 89
    },
    {
      "user_id": "adhd_overwhelmed_student",
      "goal_id": "web_design",
      "action": "micro_recovery_first",
      "required_features": [
        "walking_mode",
        "low_text",
        "micro_start"
      ],
      "avoid_features": [],
      "best_modality": "walking",
      "best_difficulty": "easy",
      "completion_rate": 26,
      "start_rate": 63
    },
    {
      "user_id": "burnout_recovery_user",
      "goal_id": "web_design",
      "action": "finish_support",
      "required_features": [
        "audio_mode",
        "walking_mode",
        "deadline_aware"
      ],
      "avoid_features": [],
      "best_modality": "visual",
      "best_difficulty": "easy",
      "completion_rate": 42,
      "start_rate": 73
    },
    {
      "user_id": "visual_project_learner",
      "goal_id": "filmmaking",
      "action": "challenge_and_scale",
      "required_features": [
        "project_first",
        "micro_start",
        "visible_artifact"
      ],
      "avoid_features": [],
      "best_modality": "audio",
      "best_difficulty": "hard",
      "completion_rate": 69,
      "start_rate": 96
    }
  ]
}
{
  "ok": true,
  "generated_at": "2026-05-07 18:40:02",
  "new_events": 36,
  "total_events": 1152,
  "filter_count": 30,
  "sample_filters": [
    {
      "user_id": "busy_worker_student",
      "scenario_id": "semester_overload",
      "domain": "college",
      "action": "micro_start_plan",
      "avg_completion": 51,
      "overwhelm_rate": 39,
      "recommended_structures": [
        "calendar_chunking",
        "micro_start",
        "deadline_risk_map",
        "recovery_buffer"
      ],
      "dominant_verdict": "needs_lower_activation"
    },
    {
      "user_id": "creative_project_user",
      "scenario_id": "make_a_movie",
      "domain": "filmmaking",
      "action": "checkpoint_finish_plan",
      "avg_completion": 61,
      "overwhelm_rate": 59,
      "recommended_structures": [
        "phone_only_mode",
        "15_second_scene",
        "storyboard_3_frames",
        "publishable_microfilm"
      ],
      "dominant_verdict": "needs_finish_support"
    },
    {
      "user_id": "creative_project_user",
      "scenario_id": "semester_overload",
      "domain": "college",
      "action": "micro_start_plan",
      "avg_completion": 46,
      "overwhelm_rate": 24,
      "recommended_structures": [
        "calendar_chunking",
        "micro_start",
        "deadline_risk_map",
        "recovery_buffer"
      ],
      "dominant_verdict": "needs_lower_activation"
    },
    {
      "user_id": "burnout_user",
      "scenario_id": "startup_validation",
      "domain": "business",
      "action": "recovery_first_plan",
      "avg_completion": 16,
      "overwhelm_rate": 62,
      "recommended_structures": [
        "one_user_profile",
        "landing_page_mvp",
        "interview_script",
        "tiny_offer"
      ],
      "dominant_verdict": "needs_recovery_first"
    },
    {
      "user_id": "adhd_student",
      "scenario_id": "research_paper",
      "domain": "school_assignment",
      "action": "recovery_first_plan",
      "avg_completion": 28,
      "overwhelm_rate": 57,
      "recommended_structures": [
        "bad_first_draft",
        "source_micro_goal",
        "outline_first",
        "checkpoint_rewards"
      ],
      "dominant_verdict": "needs_recovery_first"
    }
  ]
}
Bridge Brain Safe start: 2026-05-07 18:40:01.367142
Using Python interpreter: /home/ubuntu/bridge-engine/venv/bin/python
Running: scripts/automation_runner.py
Running: scripts/reward_loop_engine.py
Running: scripts/context_intelligence_engine.py
Running: scripts/path_effectiveness_engine.py
Running: scripts/adaptive_learning_engine.py
Running: scripts/adaptive_backend_brain.py
Running: scripts/smart_path_simulation_engine.py
Running: scripts/complex_path_simulation_engine.py
Bridge Brain Safe complete: 2026-05-07 18:40:02.532042
{
  "ok": true,
  "ran_at": "2026-05-07 18:50:01",
  "runs": 40,
  "retention": {
    "generated_at": "2026-05-07 18:50:01",
    "total_paths": 1,
    "started_paths": 0,
    "completed_paths": 0,
    "partial_paths": 0,
    "abandoned_paths": 1,
    "total_steps": 4,
    "done_steps": 0,
    "completion_rate": 0,
    "start_rate": 0,
    "feedback_events": 0,
    "overwhelm_events": 0,
    "flow_events": 0,
    "recommended_energy_mode": "focused"
  },
  "actions": [
    {
      "type": "momentum_recovery",
      "title": "Offer a 3-minute restart task for abandoned paths",
      "priority": "high"
    },
    {
      "type": "clarity",
      "title": "Rewrite checkpoints to be more concrete",
      "priority": "high"
    }
  ]
}
{
  "ok": true,
  "ran_at": "2026-05-07 18:50:01",
  "runs": 34,
  "reward_style": "restart_friction_reducer",
  "task_size": "tiny",
  "loops": [
    "Instant Visible Progress",
    "Momentum Continuation",
    "Friction Recovery",
    "Novelty Injection",
    "Identity Reinforcement"
  ]
}
{
  "ok": true,
  "generated_at": "2026-05-07 18:50:01",
  "recommendation": {
    "best_time_of_day": "morning",
    "best_energy_mode": "focused",
    "best_environment": "desk",
    "best_session_length": "medium",
    "recommended_task_mode": "guided_progress",
    "recommended_minutes": 10,
    "message": "Best current pattern: medium guided_progress tasks during morning, ideally in desk mode."
  }
}
{
  "ok": true,
  "generated_at": "2026-05-07 18:50:01",
  "recommendations": [
    {
      "goal_type": "language",
      "action": "improve_activation",
      "message": "This path needs a stronger first visible win and clearer emotional payoff."
    }
  ]
}
{
  "ok": true,
  "generated_at": "2026-05-07 18:50:01",
  "mode": "micro_activation",
  "rules": [
    "Default new tasks into low-friction micro-start format."
  ]
}
{
  "ok": true,
  "generated_at": "2026-05-07 18:50:02",
  "merged_filter_count": 40,
  "promoted": 4,
  "watch": 36,
  "suppressed": 3,
  "path_rules": 27,
  "best_default_features": [
    "visible_artifact",
    "challenge_mode",
    "project_first",
    "walking_mode",
    "low_text",
    "recovery_mode",
    "micro_start"
  ]
}
{
  "ok": true,
  "generated_at": "2026-05-07 18:50:02",
  "new_events": 60,
  "total_events": 1980,
  "filter_count": 10,
  "sample_filters": [
    {
      "user_id": "audio_walking_learner",
      "goal_id": "filmmaking",
      "action": "balanced",
      "required_features": [
        "clear_checkpoint",
        "walking_mode",
        "audio_mode"
      ],
      "avoid_features": [],
      "best_modality": "gamified",
      "best_difficulty": "medium",
      "completion_rate": 55,
      "start_rate": 86
    },
    {
      "user_id": "audio_walking_learner",
      "goal_id": "web_design",
      "action": "balanced",
      "required_features": [
        "walking_mode",
        "deadline_aware",
        "micro_start"
      ],
      "avoid_features": [],
      "best_modality": "reading",
      "best_difficulty": "medium",
      "completion_rate": 56,
      "start_rate": 89
    },
    {
      "user_id": "adhd_overwhelmed_student",
      "goal_id": "web_design",
      "action": "micro_recovery_first",
      "required_features": [
        "walking_mode",
        "low_text",
        "outside_app_ready"
      ],
      "avoid_features": [],
      "best_modality": "walking",
      "best_difficulty": "easy",
      "completion_rate": 26,
      "start_rate": 64
    },
    {
      "user_id": "burnout_recovery_user",
      "goal_id": "web_design",
      "action": "finish_support",
      "required_features": [
        "audio_mode",
        "walking_mode",
        "deadline_aware"
      ],
      "avoid_features": [],
      "best_modality": "visual",
      "best_difficulty": "easy",
      "completion_rate": 40,
      "start_rate": 72
    },
    {
      "user_id": "visual_project_learner",
      "goal_id": "filmmaking",
      "action": "challenge_and_scale",
      "required_features": [
        "project_first",
        "visible_artifact",
        "micro_start"
      ],
      "avoid_features": [],
      "best_modality": "reading",
      "best_difficulty": "hard",
      "completion_rate": 69,
      "start_rate": 97
    }
  ]
}
{
  "ok": true,
  "generated_at": "2026-05-07 18:50:02",
  "new_events": 36,
  "total_events": 1188,
  "filter_count": 30,
  "sample_filters": [
    {
      "user_id": "busy_worker_student",
      "scenario_id": "semester_overload",
      "domain": "college",
      "action": "micro_start_plan",
      "avg_completion": 51,
      "overwhelm_rate": 44,
      "recommended_structures": [
        "calendar_chunking",
        "micro_start",
        "deadline_risk_map",
        "recovery_buffer"
      ],
      "dominant_verdict": "needs_lower_activation"
    },
    {
      "user_id": "creative_project_user",
      "scenario_id": "make_a_movie",
      "domain": "filmmaking",
      "action": "checkpoint_finish_plan",
      "avg_completion": 61,
      "overwhelm_rate": 57,
      "recommended_structures": [
        "phone_only_mode",
        "15_second_scene",
        "storyboard_3_frames",
        "publishable_microfilm"
      ],
      "dominant_verdict": "needs_finish_support"
    },
    {
      "user_id": "creative_project_user",
      "scenario_id": "semester_overload",
      "domain": "college",
      "action": "micro_start_plan",
      "avg_completion": 46,
      "overwhelm_rate": 26,
      "recommended_structures": [
        "calendar_chunking",
        "micro_start",
        "deadline_risk_map",
        "recovery_buffer"
      ],
      "dominant_verdict": "needs_lower_activation"
    },
    {
      "user_id": "burnout_user",
      "scenario_id": "startup_validation",
      "domain": "business",
      "action": "recovery_first_plan",
      "avg_completion": 16,
      "overwhelm_rate": 61,
      "recommended_structures": [
        "one_user_profile",
        "landing_page_mvp",
        "interview_script",
        "tiny_offer"
      ],
      "dominant_verdict": "needs_recovery_first"
    },
    {
      "user_id": "adhd_student",
      "scenario_id": "research_paper",
      "domain": "school_assignment",
      "action": "recovery_first_plan",
      "avg_completion": 29,
      "overwhelm_rate": 58,
      "recommended_structures": [
        "bad_first_draft",
        "source_micro_goal",
        "outline_first",
        "checkpoint_rewards"
      ],
      "dominant_verdict": "needs_recovery_first"
    }
  ]
}
Bridge Brain Safe start: 2026-05-07 18:50:01.574757
Using Python interpreter: /home/ubuntu/bridge-engine/venv/bin/python
Running: scripts/automation_runner.py
Running: scripts/reward_loop_engine.py
Running: scripts/context_intelligence_engine.py
Running: scripts/path_effectiveness_engine.py
Running: scripts/adaptive_learning_engine.py
Running: scripts/adaptive_backend_brain.py
Running: scripts/smart_path_simulation_engine.py
Running: scripts/complex_path_simulation_engine.py
Bridge Brain Safe complete: 2026-05-07 18:50:02.738240
{
  "ok": true,
  "ran_at": "2026-05-07 19:00:01",
  "runs": 41,
  "retention": {
    "generated_at": "2026-05-07 19:00:01",
    "total_paths": 1,
    "started_paths": 0,
    "completed_paths": 0,
    "partial_paths": 0,
    "abandoned_paths": 1,
    "total_steps": 4,
    "done_steps": 0,
    "completion_rate": 0,
    "start_rate": 0,
    "feedback_events": 0,
    "overwhelm_events": 0,
    "flow_events": 0,
    "recommended_energy_mode": "focused"
  },
  "actions": [
    {
      "type": "momentum_recovery",
      "title": "Offer a 3-minute restart task for abandoned paths",
      "priority": "high"
    },
    {
      "type": "clarity",
      "title": "Rewrite checkpoints to be more concrete",
      "priority": "high"
    }
  ]
}
{
  "ok": true,
  "ran_at": "2026-05-07 19:00:02",
  "runs": 35,
  "reward_style": "restart_friction_reducer",
  "task_size": "tiny",
  "loops": [
    "Instant Visible Progress",
    "Momentum Continuation",
    "Friction Recovery",
    "Novelty Injection",
    "Identity Reinforcement"
  ]
}
{
  "ok": true,
  "generated_at": "2026-05-07 19:00:02",
  "recommendation": {
    "best_time_of_day": "morning",
    "best_energy_mode": "focused",
    "best_environment": "desk",
    "best_session_length": "medium",
    "recommended_task_mode": "guided_progress",
    "recommended_minutes": 10,
    "message": "Best current pattern: medium guided_progress tasks during morning, ideally in desk mode."
  }
}
{
  "ok": true,
  "generated_at": "2026-05-07 19:00:02",
  "recommendations": [
    {
      "goal_type": "language",
      "action": "improve_activation",
      "message": "This path needs a stronger first visible win and clearer emotional payoff."
    }
  ]
}
{
  "ok": true,
  "generated_at": "2026-05-07 19:00:02",
  "mode": "micro_activation",
  "rules": [
    "Default new tasks into low-friction micro-start format."
  ]
}
{
  "ok": true,
  "generated_at": "2026-05-07 19:00:02",
  "merged_filter_count": 40,
  "promoted": 4,
  "watch": 36,
  "suppressed": 3,
  "path_rules": 27,
  "best_default_features": [
    "visible_artifact",
    "challenge_mode",
    "project_first",
    "micro_start",
    "walking_mode",
    "recovery_mode",
    "low_text"
  ]
}
{
  "ok": true,
  "generated_at": "2026-05-07 19:00:02",
  "new_events": 60,
  "total_events": 2040,
  "filter_count": 10,
  "sample_filters": [
    {
      "user_id": "audio_walking_learner",
      "goal_id": "filmmaking",
      "action": "balanced",
      "required_features": [
        "clear_checkpoint",
        "walking_mode",
        "audio_mode"
      ],
      "avoid_features": [],
      "best_modality": "audio",
      "best_difficulty": "medium",
      "completion_rate": 55,
      "start_rate": 86
    },
    {
      "user_id": "audio_walking_learner",
      "goal_id": "web_design",
      "action": "balanced",
      "required_features": [
        "walking_mode",
        "deadline_aware",
        "low_text"
      ],
      "avoid_features": [],
      "best_modality": "reading",
      "best_difficulty": "medium",
      "completion_rate": 55,
      "start_rate": 89
    },
    {
      "user_id": "adhd_overwhelmed_student",
      "goal_id": "web_design",
      "action": "micro_recovery_first",
      "required_features": [
        "walking_mode",
        "low_text",
        "micro_start"
      ],
      "avoid_features": [],
      "best_modality": "walking",
      "best_difficulty": "easy",
      "completion_rate": 26,
      "start_rate": 63
    },
    {
      "user_id": "burnout_recovery_user",
      "goal_id": "web_design",
      "action": "finish_support",
      "required_features": [
        "audio_mode",
        "walking_mode",
        "low_text"
      ],
      "avoid_features": [],
      "best_modality": "visual",
      "best_difficulty": "easy",
      "completion_rate": 41,
      "start_rate": 72
    },
    {
      "user_id": "visual_project_learner",
      "goal_id": "filmmaking",
      "action": "challenge_and_scale",
      "required_features": [
        "project_first",
        "visible_artifact",
        "micro_start"
      ],
      "avoid_features": [],
      "best_modality": "reading",
      "best_difficulty": "hard",
      "completion_rate": 70,
      "start_rate": 97
    }
  ]
}
{
  "ok": true,
  "generated_at": "2026-05-07 19:00:03",
  "new_events": 36,
  "total_events": 1224,
  "filter_count": 30,
  "sample_filters": [
    {
      "user_id": "busy_worker_student",
      "scenario_id": "semester_overload",
      "domain": "college",
      "action": "micro_start_plan",
      "avg_completion": 51,
      "overwhelm_rate": 43,
      "recommended_structures": [
        "calendar_chunking",
        "micro_start",
        "deadline_risk_map",
        "recovery_buffer"
      ],
      "dominant_verdict": "needs_lower_activation"
    },
    {
      "user_id": "creative_project_user",
      "scenario_id": "make_a_movie",
      "domain": "filmmaking",
      "action": "checkpoint_finish_plan",
      "avg_completion": 61,
      "overwhelm_rate": 55,
      "recommended_structures": [
        "phone_only_mode",
        "15_second_scene",
        "storyboard_3_frames",
        "publishable_microfilm"
      ],
      "dominant_verdict": "needs_finish_support"
    },
    {
      "user_id": "creative_project_user",
      "scenario_id": "semester_overload",
      "domain": "college",
      "action": "micro_start_plan",
      "avg_completion": 46,
      "overwhelm_rate": 31,
      "recommended_structures": [
        "calendar_chunking",
        "micro_start",
        "deadline_risk_map",
        "recovery_buffer"
      ],
      "dominant_verdict": "needs_lower_activation"
    },
    {
      "user_id": "burnout_user",
      "scenario_id": "startup_validation",
      "domain": "business",
      "action": "recovery_first_plan",
      "avg_completion": 17,
      "overwhelm_rate": 60,
      "recommended_structures": [
        "one_user_profile",
        "landing_page_mvp",
        "interview_script",
        "tiny_offer"
      ],
      "dominant_verdict": "needs_recovery_first"
    },
    {
      "user_id": "adhd_student",
      "scenario_id": "research_paper",
      "domain": "school_assignment",
      "action": "recovery_first_plan",
      "avg_completion": 30,
      "overwhelm_rate": 58,
      "recommended_structures": [
        "bad_first_draft",
        "source_micro_goal",
        "outline_first",
        "checkpoint_rewards"
      ],
      "dominant_verdict": "needs_recovery_first"
    }
  ]
}
Bridge Brain Safe start: 2026-05-07 19:00:01.836592
Using Python interpreter: /home/ubuntu/bridge-engine/venv/bin/python
Running: scripts/automation_runner.py
Running: scripts/reward_loop_engine.py
Running: scripts/context_intelligence_engine.py
Running: scripts/path_effectiveness_engine.py
Running: scripts/adaptive_learning_engine.py
Running: scripts/adaptive_backend_brain.py
Running: scripts/smart_path_simulation_engine.py
Running: scripts/complex_path_simulation_engine.py
Bridge Brain Safe complete: 2026-05-07 19:00:03.106484
{
  "ok": true,
  "ran_at": "2026-05-07 19:10:01",
  "runs": 42,
  "retention": {
    "generated_at": "2026-05-07 19:10:01",
    "total_paths": 1,
    "started_paths": 0,
    "completed_paths": 0,
    "partial_paths": 0,
    "abandoned_paths": 1,
    "total_steps": 4,
    "done_steps": 0,
    "completion_rate": 0,
    "start_rate": 0,
    "feedback_events": 0,
    "overwhelm_events": 0,
    "flow_events": 0,
    "recommended_energy_mode": "focused"
  },
  "actions": [
    {
      "type": "momentum_recovery",
      "title": "Offer a 3-minute restart task for abandoned paths",
      "priority": "high"
    },
    {
      "type": "clarity",
      "title": "Rewrite checkpoints to be more concrete",
      "priority": "high"
    }
  ]
}
{
  "ok": true,
  "ran_at": "2026-05-07 19:10:01",
  "runs": 36,
  "reward_style": "restart_friction_reducer",
  "task_size": "tiny",
  "loops": [
    "Instant Visible Progress",
    "Momentum Continuation",
    "Friction Recovery",
    "Novelty Injection",
    "Identity Reinforcement"
  ]
}
{
  "ok": true,
  "generated_at": "2026-05-07 19:10:01",
  "recommendation": {
    "best_time_of_day": "morning",
    "best_energy_mode": "focused",
    "best_environment": "desk",
    "best_session_length": "medium",
    "recommended_task_mode": "guided_progress",
    "recommended_minutes": 10,
    "message": "Best current pattern: medium guided_progress tasks during morning, ideally in desk mode."
  }
}
{
  "ok": true,
  "generated_at": "2026-05-07 19:10:01",
  "recommendations": [
    {
      "goal_type": "language",
      "action": "improve_activation",
      "message": "This path needs a stronger first visible win and clearer emotional payoff."
    }
  ]
}
{
  "ok": true,
  "generated_at": "2026-05-07 19:10:01",
  "mode": "micro_activation",
  "rules": [
    "Default new tasks into low-friction micro-start format."
  ]
}
{
  "ok": true,
  "generated_at": "2026-05-07 19:10:01",
  "merged_filter_count": 40,
  "promoted": 4,
  "watch": 36,
  "suppressed": 3,
  "path_rules": 27,
  "best_default_features": [
    "visible_artifact",
    "challenge_mode",
    "project_first",
    "micro_start",
    "walking_mode",
    "recovery_mode",
    "low_text"
  ]
}
{
  "ok": true,
  "generated_at": "2026-05-07 19:10:01",
  "new_events": 60,
  "total_events": 2100,
  "filter_count": 10,
  "sample_filters": [
    {
      "user_id": "audio_walking_learner",
      "goal_id": "filmmaking",
      "action": "balanced",
      "required_features": [
        "walking_mode",
        "clear_checkpoint",
        "audio_mode"
      ],
      "avoid_features": [],
      "best_modality": "gamified",
      "best_difficulty": "medium",
      "completion_rate": 55,
      "start_rate": 86
    },
    {
      "user_id": "audio_walking_learner",
      "goal_id": "web_design",
      "action": "balanced",
      "required_features": [
        "walking_mode",
        "deadline_aware",
        "visual_example"
      ],
      "avoid_features": [],
      "best_modality": "gamified",
      "best_difficulty": "medium",
      "completion_rate": 56,
      "start_rate": 89
    },
    {
      "user_id": "adhd_overwhelmed_student",
      "goal_id": "web_design",
      "action": "micro_recovery_first",
      "required_features": [
        "walking_mode",
        "low_text",
        "micro_start"
      ],
      "avoid_features": [],
      "best_modality": "walking",
      "best_difficulty": "easy",
      "completion_rate": 27,
      "start_rate": 63
    },
    {
      "user_id": "burnout_recovery_user",
      "goal_id": "web_design",
      "action": "finish_support",
      "required_features": [
        "low_text",
        "walking_mode",
        "audio_mode"
      ],
      "avoid_features": [],
      "best_modality": "visual",
      "best_difficulty": "easy",
      "completion_rate": 41,
      "start_rate": 72
    },
    {
      "user_id": "visual_project_learner",
      "goal_id": "filmmaking",
      "action": "challenge_and_scale",
      "required_features": [
        "project_first",
        "visible_artifact",
        "micro_start"
      ],
      "avoid_features": [],
      "best_modality": "reading",
      "best_difficulty": "hard",
      "completion_rate": 70,
      "start_rate": 97
    }
  ]
}
{
  "ok": true,
  "generated_at": "2026-05-07 19:10:02",
  "new_events": 36,
  "total_events": 1260,
  "filter_count": 30,
  "sample_filters": [
    {
      "user_id": "busy_worker_student",
      "scenario_id": "semester_overload",
      "domain": "college",
      "action": "micro_start_plan",
      "avg_completion": 51,
      "overwhelm_rate": 43,
      "recommended_structures": [
        "calendar_chunking",
        "micro_start",
        "deadline_risk_map",
        "recovery_buffer"
      ],
      "dominant_verdict": "needs_lower_activation"
    },
    {
      "user_id": "creative_project_user",
      "scenario_id": "make_a_movie",
      "domain": "filmmaking",
      "action": "checkpoint_finish_plan",
      "avg_completion": 61,
      "overwhelm_rate": 55,
      "recommended_structures": [
        "phone_only_mode",
        "15_second_scene",
        "storyboard_3_frames",
        "publishable_microfilm"
      ],
      "dominant_verdict": "needs_finish_support"
    },
    {
      "user_id": "creative_project_user",
      "scenario_id": "semester_overload",
      "domain": "college",
      "action": "micro_start_plan",
      "avg_completion": 46,
      "overwhelm_rate": 30,
      "recommended_structures": [
        "calendar_chunking",
        "micro_start",
        "deadline_risk_map",
        "recovery_buffer"
      ],
      "dominant_verdict": "needs_lower_activation"
    },
    {
      "user_id": "burnout_user",
      "scenario_id": "startup_validation",
      "domain": "business",
      "action": "recovery_first_plan",
      "avg_completion": 18,
      "overwhelm_rate": 60,
      "recommended_structures": [
        "one_user_profile",
        "landing_page_mvp",
        "interview_script",
        "tiny_offer"
      ],
      "dominant_verdict": "needs_recovery_first"
    },
    {
      "user_id": "adhd_student",
      "scenario_id": "research_paper",
      "domain": "school_assignment",
      "action": "recovery_first_plan",
      "avg_completion": 29,
      "overwhelm_rate": 59,
      "recommended_structures": [
        "bad_first_draft",
        "source_micro_goal",
        "outline_first",
        "checkpoint_rewards"
      ],
      "dominant_verdict": "needs_recovery_first"
    }
  ]
}
Bridge Brain Safe start: 2026-05-07 19:10:01.149247
Using Python interpreter: /home/ubuntu/bridge-engine/venv/bin/python
Running: scripts/automation_runner.py
Running: scripts/reward_loop_engine.py
Running: scripts/context_intelligence_engine.py
Running: scripts/path_effectiveness_engine.py
Running: scripts/adaptive_learning_engine.py
Running: scripts/adaptive_backend_brain.py
Running: scripts/smart_path_simulation_engine.py
Running: scripts/complex_path_simulation_engine.py
Bridge Brain Safe complete: 2026-05-07 19:10:02.410617
{
  "ok": true,
  "ran_at": "2026-05-07 19:20:01",
  "runs": 43,
  "retention": {
    "generated_at": "2026-05-07 19:20:01",
    "total_paths": 1,
    "started_paths": 0,
    "completed_paths": 0,
    "partial_paths": 0,
    "abandoned_paths": 1,
    "total_steps": 4,
    "done_steps": 0,
    "completion_rate": 0,
    "start_rate": 0,
    "feedback_events": 0,
    "overwhelm_events": 0,
    "flow_events": 0,
    "recommended_energy_mode": "focused"
  },
  "actions": [
    {
      "type": "momentum_recovery",
      "title": "Offer a 3-minute restart task for abandoned paths",
      "priority": "high"
    },
    {
      "type": "clarity",
      "title": "Rewrite checkpoints to be more concrete",
      "priority": "high"
    }
  ]
}
{
  "ok": true,
  "ran_at": "2026-05-07 19:20:01",
  "runs": 37,
  "reward_style": "restart_friction_reducer",
  "task_size": "tiny",
  "loops": [
    "Instant Visible Progress",
    "Momentum Continuation",
    "Friction Recovery",
    "Novelty Injection",
    "Identity Reinforcement"
  ]
}
{
  "ok": true,
  "generated_at": "2026-05-07 19:20:01",
  "recommendation": {
    "best_time_of_day": "morning",
    "best_energy_mode": "focused",
    "best_environment": "desk",
    "best_session_length": "medium",
    "recommended_task_mode": "guided_progress",
    "recommended_minutes": 10,
    "message": "Best current pattern: medium guided_progress tasks during morning, ideally in desk mode."
  }
}
{
  "ok": true,
  "generated_at": "2026-05-07 19:20:01",
  "recommendations": [
    {
      "goal_type": "language",
      "action": "improve_activation",
      "message": "This path needs a stronger first visible win and clearer emotional payoff."
    }
  ]
}
{
  "ok": true,
  "generated_at": "2026-05-07 19:20:01",
  "mode": "micro_activation",
  "rules": [
    "Default new tasks into low-friction micro-start format."
  ]
}
{
  "ok": true,
  "generated_at": "2026-05-07 19:20:01",
  "merged_filter_count": 40,
  "promoted": 4,
  "watch": 36,
  "suppressed": 3,
  "path_rules": 28,
  "best_default_features": [
    "visible_artifact",
    "challenge_mode",
    "project_first",
    "micro_start",
    "walking_mode",
    "low_text",
    "recovery_mode"
  ]
}
{
  "ok": true,
  "generated_at": "2026-05-07 19:20:02",
  "new_events": 60,
  "total_events": 2160,
  "filter_count": 10,
  "sample_filters": [
    {
      "user_id": "audio_walking_learner",
      "goal_id": "filmmaking",
      "action": "balanced",
      "required_features": [
        "walking_mode",
        "clear_checkpoint",
        "audio_mode"
      ],
      "avoid_features": [],
      "best_modality": "gamified",
      "best_difficulty": "medium",
      "completion_rate": 56,
      "start_rate": 86
    },
    {
      "user_id": "audio_walking_learner",
      "goal_id": "web_design",
      "action": "balanced",
      "required_features": [
        "walking_mode",
        "deadline_aware",
        "low_text"
      ],
      "avoid_features": [],
      "best_modality": "gamified",
      "best_difficulty": "medium",
      "completion_rate": 56,
      "start_rate": 89
    },
    {
      "user_id": "adhd_overwhelmed_student",
      "goal_id": "web_design",
      "action": "micro_recovery_first",
      "required_features": [
        "walking_mode",
        "low_text",
        "micro_start"
      ],
      "avoid_features": [],
      "best_modality": "walking",
      "best_difficulty": "easy",
      "completion_rate": 28,
      "start_rate": 63
    },
    {
      "user_id": "burnout_recovery_user",
      "goal_id": "web_design",
      "action": "finish_support",
      "required_features": [
        "walking_mode",
        "audio_mode",
        "low_text"
      ],
      "avoid_features": [],
      "best_modality": "visual",
      "best_difficulty": "easy",
      "completion_rate": 40,
      "start_rate": 72
    },
    {
      "user_id": "visual_project_learner",
      "goal_id": "filmmaking",
      "action": "challenge_and_scale",
      "required_features": [
        "project_first",
        "visible_artifact",
        "micro_start"
      ],
      "avoid_features": [],
      "best_modality": "reading",
      "best_difficulty": "hard",
      "completion_rate": 71,
      "start_rate": 97
    }
  ]
}
{
  "ok": true,
  "generated_at": "2026-05-07 19:20:02",
  "new_events": 36,
  "total_events": 1296,
  "filter_count": 30,
  "sample_filters": [
    {
      "user_id": "busy_worker_student",
      "scenario_id": "semester_overload",
      "domain": "college",
      "action": "micro_start_plan",
      "avg_completion": 51,
      "overwhelm_rate": 42,
      "recommended_structures": [
        "calendar_chunking",
        "micro_start",
        "deadline_risk_map",
        "recovery_buffer"
      ],
      "dominant_verdict": "needs_lower_activation"
    },
    {
      "user_id": "creative_project_user",
      "scenario_id": "make_a_movie",
      "domain": "filmmaking",
      "action": "checkpoint_finish_plan",
      "avg_completion": 60,
      "overwhelm_rate": 54,
      "recommended_structures": [
        "phone_only_mode",
        "15_second_scene",
        "storyboard_3_frames",
        "publishable_microfilm"
      ],
      "dominant_verdict": "needs_finish_support"
    },
    {
      "user_id": "creative_project_user",
      "scenario_id": "semester_overload",
      "domain": "college",
      "action": "micro_start_plan",
      "avg_completion": 45,
      "overwhelm_rate": 28,
      "recommended_structures": [
        "calendar_chunking",
        "micro_start",
        "deadline_risk_map",
        "recovery_buffer"
      ],
      "dominant_verdict": "needs_lower_activation"
    },
    {
      "user_id": "burnout_user",
      "scenario_id": "startup_validation",
      "domain": "business",
      "action": "recovery_first_plan",
      "avg_completion": 18,
      "overwhelm_rate": 60,
      "recommended_structures": [
        "one_user_profile",
        "landing_page_mvp",
        "interview_script",
        "tiny_offer"
      ],
      "dominant_verdict": "needs_recovery_first"
    },
    {
      "user_id": "adhd_student",
      "scenario_id": "research_paper",
      "domain": "school_assignment",
      "action": "recovery_first_plan",
      "avg_completion": 29,
      "overwhelm_rate": 57,
      "recommended_structures": [
        "bad_first_draft",
        "source_micro_goal",
        "outline_first",
        "checkpoint_rewards"
      ],
      "dominant_verdict": "needs_recovery_first"
    }
  ]
}
Bridge Brain Safe start: 2026-05-07 19:20:01.483738
Using Python interpreter: /home/ubuntu/bridge-engine/venv/bin/python
Running: scripts/automation_runner.py
Running: scripts/reward_loop_engine.py
Running: scripts/context_intelligence_engine.py
Running: scripts/path_effectiveness_engine.py
Running: scripts/adaptive_learning_engine.py
Running: scripts/adaptive_backend_brain.py
Running: scripts/smart_path_simulation_engine.py
Running: scripts/complex_path_simulation_engine.py
Bridge Brain Safe complete: 2026-05-07 19:20:02.744182
{
  "ok": true,
  "ran_at": "2026-05-07 19:30:01",
  "runs": 44,
  "retention": {
    "generated_at": "2026-05-07 19:30:01",
    "total_paths": 1,
    "started_paths": 0,
    "completed_paths": 0,
    "partial_paths": 0,
    "abandoned_paths": 1,
    "total_steps": 4,
    "done_steps": 0,
    "completion_rate": 0,
    "start_rate": 0,
    "feedback_events": 0,
    "overwhelm_events": 0,
    "flow_events": 0,
    "recommended_energy_mode": "focused"
  },
  "actions": [
    {
      "type": "momentum_recovery",
      "title": "Offer a 3-minute restart task for abandoned paths",
      "priority": "high"
    },
    {
      "type": "clarity",
      "title": "Rewrite checkpoints to be more concrete",
      "priority": "high"
    }
  ]
}
{
  "ok": true,
  "ran_at": "2026-05-07 19:30:02",
  "runs": 38,
  "reward_style": "restart_friction_reducer",
  "task_size": "tiny",
  "loops": [
    "Instant Visible Progress",
    "Momentum Continuation",
    "Friction Recovery",
    "Novelty Injection",
    "Identity Reinforcement"
  ]
}
{
  "ok": true,
  "generated_at": "2026-05-07 19:30:02",
  "recommendation": {
    "best_time_of_day": "morning",
    "best_energy_mode": "focused",
    "best_environment": "desk",
    "best_session_length": "medium",
    "recommended_task_mode": "guided_progress",
    "recommended_minutes": 10,
    "message": "Best current pattern: medium guided_progress tasks during morning, ideally in desk mode."
  }
}
{
  "ok": true,
  "generated_at": "2026-05-07 19:30:02",
  "recommendations": [
    {
      "goal_type": "language",
      "action": "improve_activation",
      "message": "This path needs a stronger first visible win and clearer emotional payoff."
    }
  ]
}
{
  "ok": true,
  "generated_at": "2026-05-07 19:30:02",
  "mode": "micro_activation",
  "rules": [
    "Default new tasks into low-friction micro-start format."
  ]
}
{
  "ok": true,
  "generated_at": "2026-05-07 19:30:02",
  "merged_filter_count": 40,
  "promoted": 4,
  "watch": 36,
  "suppressed": 3,
  "path_rules": 28,
  "best_default_features": [
    "visible_artifact",
    "challenge_mode",
    "project_first",
    "micro_start",
    "walking_mode",
    "recovery_mode"
  ]
}
{
  "ok": true,
  "generated_at": "2026-05-07 19:30:02",
  "new_events": 60,
  "total_events": 2220,
  "filter_count": 10,
  "sample_filters": [
    {
      "user_id": "audio_walking_learner",
      "goal_id": "filmmaking",
      "action": "balanced",
      "required_features": [
        "walking_mode",
        "clear_checkpoint",
        "audio_mode"
      ],
      "avoid_features": [],
      "best_modality": "gamified",
      "best_difficulty": "medium",
      "completion_rate": 56,
      "start_rate": 86
    },
    {
      "user_id": "audio_walking_learner",
      "goal_id": "web_design",
      "action": "balanced",
      "required_features": [
        "walking_mode",
        "deadline_aware",
        "visual_example"
      ],
      "avoid_features": [],
      "best_modality": "gamified",
      "best_difficulty": "medium",
      "completion_rate": 57,
      "start_rate": 89
    },
    {
      "user_id": "adhd_overwhelmed_student",
      "goal_id": "web_design",
      "action": "micro_recovery_first",
      "required_features": [
        "walking_mode",
        "outside_app_ready",
        "clear_checkpoint"
      ],
      "avoid_features": [],
      "best_modality": "visual",
      "best_difficulty": "easy",
      "completion_rate": 29,
      "start_rate": 64
    },
    {
      "user_id": "burnout_recovery_user",
      "goal_id": "web_design",
      "action": "finish_support",
      "required_features": [
        "walking_mode",
        "low_text",
        "audio_mode"
      ],
      "avoid_features": [],
      "best_modality": "visual",
      "best_difficulty": "easy",
      "completion_rate": 41,
      "start_rate": 73
    },
    {
      "user_id": "visual_project_learner",
      "goal_id": "filmmaking",
      "action": "challenge_and_scale",
      "required_features": [
        "project_first",
        "visible_artifact",
        "micro_start"
      ],
      "avoid_features": [],
      "best_modality": "reading",
      "best_difficulty": "hard",
      "completion_rate": 70,
      "start_rate": 97
    }
  ]
}
{
  "ok": true,
  "generated_at": "2026-05-07 19:30:03",
  "new_events": 36,
  "total_events": 1332,
  "filter_count": 30,
  "sample_filters": [
    {
      "user_id": "busy_worker_student",
      "scenario_id": "semester_overload",
      "domain": "college",
      "action": "micro_start_plan",
      "avg_completion": 51,
      "overwhelm_rate": 40,
      "recommended_structures": [
        "calendar_chunking",
        "micro_start",
        "deadline_risk_map",
        "recovery_buffer"
      ],
      "dominant_verdict": "needs_lower_activation"
    },
    {
      "user_id": "creative_project_user",
      "scenario_id": "make_a_movie",
      "domain": "filmmaking",
      "action": "checkpoint_finish_plan",
      "avg_completion": 60,
      "overwhelm_rate": 54,
      "recommended_structures": [
        "phone_only_mode",
        "15_second_scene",
        "storyboard_3_frames",
        "publishable_microfilm"
      ],
      "dominant_verdict": "needs_finish_support"
    },
    {
      "user_id": "creative_project_user",
      "scenario_id": "semester_overload",
      "domain": "college",
      "action": "micro_start_plan",
      "avg_completion": 45,
      "overwhelm_rate": 29,
      "recommended_structures": [
        "calendar_chunking",
        "micro_start",
        "deadline_risk_map",
        "recovery_buffer"
      ],
      "dominant_verdict": "needs_lower_activation"
    },
    {
      "user_id": "burnout_user",
      "scenario_id": "startup_validation",
      "domain": "business",
      "action": "recovery_first_plan",
      "avg_completion": 18,
      "overwhelm_rate": 61,
      "recommended_structures": [
        "one_user_profile",
        "landing_page_mvp",
        "interview_script",
        "tiny_offer"
      ],
      "dominant_verdict": "needs_recovery_first"
    },
    {
      "user_id": "adhd_student",
      "scenario_id": "research_paper",
      "domain": "school_assignment",
      "action": "recovery_first_plan",
      "avg_completion": 29,
      "overwhelm_rate": 56,
      "recommended_structures": [
        "bad_first_draft",
        "source_micro_goal",
        "outline_first",
        "checkpoint_rewards"
      ],
      "dominant_verdict": "needs_recovery_first"
    }
  ]
}
Bridge Brain Safe start: 2026-05-07 19:30:01.834804
Using Python interpreter: /home/ubuntu/bridge-engine/venv/bin/python
Running: scripts/automation_runner.py
Running: scripts/reward_loop_engine.py
Running: scripts/context_intelligence_engine.py
Running: scripts/path_effectiveness_engine.py
Running: scripts/adaptive_learning_engine.py
Running: scripts/adaptive_backend_brain.py
Running: scripts/smart_path_simulation_engine.py
Running: scripts/complex_path_simulation_engine.py
Bridge Brain Safe complete: 2026-05-07 19:30:03.123403
{
  "ok": true,
  "ran_at": "2026-05-07 19:40:01",
  "runs": 45,
  "retention": {
    "generated_at": "2026-05-07 19:40:01",
    "total_paths": 1,
    "started_paths": 0,
    "completed_paths": 0,
    "partial_paths": 0,
    "abandoned_paths": 1,
    "total_steps": 4,
    "done_steps": 0,
    "completion_rate": 0,
    "start_rate": 0,
    "feedback_events": 0,
    "overwhelm_events": 0,
    "flow_events": 0,
    "recommended_energy_mode": "focused"
  },
  "actions": [
    {
      "type": "momentum_recovery",
      "title": "Offer a 3-minute restart task for abandoned paths",
      "priority": "high"
    },
    {
      "type": "clarity",
      "title": "Rewrite checkpoints to be more concrete",
      "priority": "high"
    }
  ]
}
{
  "ok": true,
  "ran_at": "2026-05-07 19:40:01",
  "runs": 39,
  "reward_style": "restart_friction_reducer",
  "task_size": "tiny",
  "loops": [
    "Instant Visible Progress",
    "Momentum Continuation",
    "Friction Recovery",
    "Novelty Injection",
    "Identity Reinforcement"
  ]
}
{
  "ok": true,
  "generated_at": "2026-05-07 19:40:01",
  "recommendation": {
    "best_time_of_day": "morning",
    "best_energy_mode": "focused",
    "best_environment": "desk",
    "best_session_length": "medium",
    "recommended_task_mode": "guided_progress",
    "recommended_minutes": 10,
    "message": "Best current pattern: medium guided_progress tasks during morning, ideally in desk mode."
  }
}
{
  "ok": true,
  "generated_at": "2026-05-07 19:40:01",
  "recommendations": [
    {
      "goal_type": "language",
      "action": "improve_activation",
      "message": "This path needs a stronger first visible win and clearer emotional payoff."
    }
  ]
}
{
  "ok": true,
  "generated_at": "2026-05-07 19:40:01",
  "mode": "micro_activation",
  "rules": [
    "Default new tasks into low-friction micro-start format."
  ]
}
{
  "ok": true,
  "generated_at": "2026-05-07 19:40:01",
  "merged_filter_count": 40,
  "promoted": 4,
  "watch": 36,
  "suppressed": 4,
  "path_rules": 27,
  "best_default_features": [
    "visible_artifact",
    "challenge_mode",
    "project_first",
    "micro_start",
    "walking_mode",
    "recovery_mode",
    "low_text"
  ]
}
{
  "ok": true,
  "generated_at": "2026-05-07 19:40:01",
  "new_events": 60,
  "total_events": 2280,
  "filter_count": 10,
  "sample_filters": [
    {
      "user_id": "audio_walking_learner",
      "goal_id": "filmmaking",
      "action": "balanced",
      "required_features": [
        "walking_mode",
        "clear_checkpoint",
        "audio_mode"
      ],
      "avoid_features": [],
      "best_modality": "gamified",
      "best_difficulty": "medium",
      "completion_rate": 55,
      "start_rate": 87
    },
    {
      "user_id": "audio_walking_learner",
      "goal_id": "web_design",
      "action": "balanced",
      "required_features": [
        "walking_mode",
        "deadline_aware",
        "visual_example"
      ],
      "avoid_features": [],
      "best_modality": "gamified",
      "best_difficulty": "medium",
      "completion_rate": 58,
      "start_rate": 90
    },
    {
      "user_id": "adhd_overwhelmed_student",
      "goal_id": "web_design",
      "action": "micro_recovery_first",
      "required_features": [
        "walking_mode",
        "clear_checkpoint",
        "outside_app_ready"
      ],
      "avoid_features": [],
      "best_modality": "walking",
      "best_difficulty": "easy",
      "completion_rate": 29,
      "start_rate": 64
    },
    {
      "user_id": "burnout_recovery_user",
      "goal_id": "web_design",
      "action": "finish_support",
      "required_features": [
        "walking_mode",
        "low_text",
        "audio_mode"
      ],
      "avoid_features": [],
      "best_modality": "visual",
      "best_difficulty": "easy",
      "completion_rate": 42,
      "start_rate": 73
    },
    {
      "user_id": "visual_project_learner",
      "goal_id": "filmmaking",
      "action": "challenge_and_scale",
      "required_features": [
        "project_first",
        "visible_artifact",
        "micro_start"
      ],
      "avoid_features": [],
      "best_modality": "walking",
      "best_difficulty": "hard",
      "completion_rate": 70,
      "start_rate": 97
    }
  ]
}
{
  "ok": true,
  "generated_at": "2026-05-07 19:40:02",
  "new_events": 36,
  "total_events": 1368,
  "filter_count": 30,
  "sample_filters": [
    {
      "user_id": "busy_worker_student",
      "scenario_id": "semester_overload",
      "domain": "college",
      "action": "checkpoint_finish_plan",
      "avg_completion": 52,
      "overwhelm_rate": 44,
      "recommended_structures": [
        "calendar_chunking",
        "micro_start",
        "deadline_risk_map",
        "recovery_buffer"
      ],
      "dominant_verdict": "needs_finish_support"
    },
    {
      "user_id": "creative_project_user",
      "scenario_id": "make_a_movie",
      "domain": "filmmaking",
      "action": "checkpoint_finish_plan",
      "avg_completion": 59,
      "overwhelm_rate": 51,
      "recommended_structures": [
        "phone_only_mode",
        "15_second_scene",
        "storyboard_3_frames",
        "publishable_microfilm"
      ],
      "dominant_verdict": "needs_finish_support"
    },
    {
      "user_id": "creative_project_user",
      "scenario_id": "semester_overload",
      "domain": "college",
      "action": "micro_start_plan",
      "avg_completion": 45,
      "overwhelm_rate": 30,
      "recommended_structures": [
        "calendar_chunking",
        "micro_start",
        "deadline_risk_map",
        "recovery_buffer"
      ],
      "dominant_verdict": "needs_lower_activation"
    },
    {
      "user_id": "burnout_user",
      "scenario_id": "startup_validation",
      "domain": "business",
      "action": "recovery_first_plan",
      "avg_completion": 19,
      "overwhelm_rate": 59,
      "recommended_structures": [
        "one_user_profile",
        "landing_page_mvp",
        "interview_script",
        "tiny_offer"
      ],
      "dominant_verdict": "needs_recovery_first"
    },
    {
      "user_id": "adhd_student",
      "scenario_id": "research_paper",
      "domain": "school_assignment",
      "action": "recovery_first_plan",
      "avg_completion": 29,
      "overwhelm_rate": 56,
      "recommended_structures": [
        "bad_first_draft",
        "source_micro_goal",
        "outline_first",
        "checkpoint_rewards"
      ],
      "dominant_verdict": "needs_recovery_first"
    }
  ]
}
Bridge Brain Safe start: 2026-05-07 19:40:01.165688
Using Python interpreter: /home/ubuntu/bridge-engine/venv/bin/python
Running: scripts/automation_runner.py
Running: scripts/reward_loop_engine.py
Running: scripts/context_intelligence_engine.py
Running: scripts/path_effectiveness_engine.py
Running: scripts/adaptive_learning_engine.py
Running: scripts/adaptive_backend_brain.py
Running: scripts/smart_path_simulation_engine.py
Running: scripts/complex_path_simulation_engine.py
Bridge Brain Safe complete: 2026-05-07 19:40:02.436984
{
  "ok": true,
  "ran_at": "2026-05-07 19:50:01",
  "runs": 46,
  "retention": {
    "generated_at": "2026-05-07 19:50:01",
    "total_paths": 1,
    "started_paths": 0,
    "completed_paths": 0,
    "partial_paths": 0,
    "abandoned_paths": 1,
    "total_steps": 4,
    "done_steps": 0,
    "completion_rate": 0,
    "start_rate": 0,
    "feedback_events": 0,
    "overwhelm_events": 0,
    "flow_events": 0,
    "recommended_energy_mode": "focused"
  },
  "actions": [
    {
      "type": "momentum_recovery",
      "title": "Offer a 3-minute restart task for abandoned paths",
      "priority": "high"
    },
    {
      "type": "clarity",
      "title": "Rewrite checkpoints to be more concrete",
      "priority": "high"
    }
  ]
}
{
  "ok": true,
  "ran_at": "2026-05-07 19:50:01",
  "runs": 40,
  "reward_style": "restart_friction_reducer",
  "task_size": "tiny",
  "loops": [
    "Instant Visible Progress",
    "Momentum Continuation",
    "Friction Recovery",
    "Novelty Injection",
    "Identity Reinforcement"
  ]
}
{
  "ok": true,
  "generated_at": "2026-05-07 19:50:01",
  "recommendation": {
    "best_time_of_day": "morning",
    "best_energy_mode": "focused",
    "best_environment": "desk",
    "best_session_length": "medium",
    "recommended_task_mode": "guided_progress",
    "recommended_minutes": 10,
    "message": "Best current pattern: medium guided_progress tasks during morning, ideally in desk mode."
  }
}
{
  "ok": true,
  "generated_at": "2026-05-07 19:50:01",
  "recommendations": [
    {
      "goal_type": "language",
      "action": "improve_activation",
      "message": "This path needs a stronger first visible win and clearer emotional payoff."
    }
  ]
}
{
  "ok": true,
  "generated_at": "2026-05-07 19:50:01",
  "mode": "micro_activation",
  "rules": [
    "Default new tasks into low-friction micro-start format."
  ]
}
{
  "ok": true,
  "generated_at": "2026-05-07 19:50:01",
  "merged_filter_count": 40,
  "promoted": 4,
  "watch": 36,
  "suppressed": 4,
  "path_rules": 27,
  "best_default_features": [
    "visible_artifact",
    "challenge_mode",
    "project_first",
    "micro_start",
    "walking_mode",
    "low_text",
    "recovery_mode"
  ]
}
{
  "ok": true,
  "generated_at": "2026-05-07 19:50:02",
  "new_events": 60,
  "total_events": 2340,
  "filter_count": 10,
  "sample_filters": [
    {
      "user_id": "audio_walking_learner",
      "goal_id": "filmmaking",
      "action": "balanced",
      "required_features": [
        "walking_mode",
        "clear_checkpoint",
        "audio_mode"
      ],
      "avoid_features": [],
      "best_modality": "gamified",
      "best_difficulty": "medium",
      "completion_rate": 56,
      "start_rate": 87
    },
    {
      "user_id": "audio_walking_learner",
      "goal_id": "web_design",
      "action": "balanced",
      "required_features": [
        "walking_mode",
        "deadline_aware",
        "micro_start"
      ],
      "avoid_features": [],
      "best_modality": "gamified",
      "best_difficulty": "medium",
      "completion_rate": 58,
      "start_rate": 89
    },
    {
      "user_id": "adhd_overwhelmed_student",
      "goal_id": "web_design",
      "action": "micro_recovery_first",
      "required_features": [
        "walking_mode",
        "clear_checkpoint",
        "outside_app_ready"
      ],
      "avoid_features": [],
      "best_modality": "walking",
      "best_difficulty": "easy",
      "completion_rate": 29,
      "start_rate": 64
    },
    {
      "user_id": "burnout_recovery_user",
      "goal_id": "web_design",
      "action": "finish_support",
      "required_features": [
        "walking_mode",
        "audio_mode",
        "low_text"
      ],
      "avoid_features": [],
      "best_modality": "visual",
      "best_difficulty": "easy",
      "completion_rate": 41,
      "start_rate": 72
    },
    {
      "user_id": "visual_project_learner",
      "goal_id": "filmmaking",
      "action": "challenge_and_scale",
      "required_features": [
        "project_first",
        "visible_artifact",
        "micro_start"
      ],
      "avoid_features": [],
      "best_modality": "walking",
      "best_difficulty": "hard",
      "completion_rate": 70,
      "start_rate": 97
    }
  ]
}
{
  "ok": true,
  "generated_at": "2026-05-07 19:50:02",
  "new_events": 36,
  "total_events": 1404,
  "filter_count": 30,
  "sample_filters": [
    {
      "user_id": "busy_worker_student",
      "scenario_id": "semester_overload",
      "domain": "college",
      "action": "micro_start_plan",
      "avg_completion": 51,
      "overwhelm_rate": 42,
      "recommended_structures": [
        "calendar_chunking",
        "micro_start",
        "deadline_risk_map",
        "recovery_buffer"
      ],
      "dominant_verdict": "needs_lower_activation"
    },
    {
      "user_id": "creative_project_user",
      "scenario_id": "make_a_movie",
      "domain": "filmmaking",
      "action": "checkpoint_finish_plan",
      "avg_completion": 59,
      "overwhelm_rate": 51,
      "recommended_structures": [
        "phone_only_mode",
        "15_second_scene",
        "storyboard_3_frames",
        "publishable_microfilm"
      ],
      "dominant_verdict": "needs_finish_support"
    },
    {
      "user_id": "creative_project_user",
      "scenario_id": "semester_overload",
      "domain": "college",
      "action": "checkpoint_finish_plan",
      "avg_completion": 46,
      "overwhelm_rate": 32,
      "recommended_structures": [
        "calendar_chunking",
        "micro_start",
        "deadline_risk_map",
        "recovery_buffer"
      ],
      "dominant_verdict": "needs_finish_support"
    },
    {
      "user_id": "burnout_user",
      "scenario_id": "startup_validation",
      "domain": "business",
      "action": "recovery_first_plan",
      "avg_completion": 18,
      "overwhelm_rate": 60,
      "recommended_structures": [
        "one_user_profile",
        "landing_page_mvp",
        "interview_script",
        "tiny_offer"
      ],
      "dominant_verdict": "needs_recovery_first"
    },
    {
      "user_id": "adhd_student",
      "scenario_id": "research_paper",
      "domain": "school_assignment",
      "action": "recovery_first_plan",
      "avg_completion": 29,
      "overwhelm_rate": 57,
      "recommended_structures": [
        "bad_first_draft",
        "source_micro_goal",
        "outline_first",
        "checkpoint_rewards"
      ],
      "dominant_verdict": "needs_recovery_first"
    }
  ]
}
Bridge Brain Safe start: 2026-05-07 19:50:01.479184
Using Python interpreter: /home/ubuntu/bridge-engine/venv/bin/python
Running: scripts/automation_runner.py
Running: scripts/reward_loop_engine.py
Running: scripts/context_intelligence_engine.py
Running: scripts/path_effectiveness_engine.py
Running: scripts/adaptive_learning_engine.py
Running: scripts/adaptive_backend_brain.py
Running: scripts/smart_path_simulation_engine.py
Running: scripts/complex_path_simulation_engine.py
Bridge Brain Safe complete: 2026-05-07 19:50:02.736336
{
  "ok": true,
  "ran_at": "2026-05-07 20:00:01",
  "runs": 47,
  "retention": {
    "generated_at": "2026-05-07 20:00:01",
    "total_paths": 1,
    "started_paths": 0,
    "completed_paths": 0,
    "partial_paths": 0,
    "abandoned_paths": 1,
    "total_steps": 4,
    "done_steps": 0,
    "completion_rate": 0,
    "start_rate": 0,
    "feedback_events": 0,
    "overwhelm_events": 0,
    "flow_events": 0,
    "recommended_energy_mode": "focused"
  },
  "actions": [
    {
      "type": "momentum_recovery",
      "title": "Offer a 3-minute restart task for abandoned paths",
      "priority": "high"
    },
    {
      "type": "clarity",
      "title": "Rewrite checkpoints to be more concrete",
      "priority": "high"
    }
  ]
}
{
  "ok": true,
  "ran_at": "2026-05-07 20:00:02",
  "runs": 41,
  "reward_style": "restart_friction_reducer",
  "task_size": "tiny",
  "loops": [
    "Instant Visible Progress",
    "Momentum Continuation",
    "Friction Recovery",
    "Novelty Injection",
    "Identity Reinforcement"
  ]
}
{
  "ok": true,
  "generated_at": "2026-05-07 20:00:02",
  "recommendation": {
    "best_time_of_day": "morning",
    "best_energy_mode": "focused",
    "best_environment": "desk",
    "best_session_length": "medium",
    "recommended_task_mode": "guided_progress",
    "recommended_minutes": 10,
    "message": "Best current pattern: medium guided_progress tasks during morning, ideally in desk mode."
  }
}
{
  "ok": true,
  "generated_at": "2026-05-07 20:00:02",
  "recommendations": [
    {
      "goal_type": "language",
      "action": "improve_activation",
      "message": "This path needs a stronger first visible win and clearer emotional payoff."
    }
  ]
}
{
  "ok": true,
  "generated_at": "2026-05-07 20:00:02",
  "mode": "micro_activation",
  "rules": [
    "Default new tasks into low-friction micro-start format."
  ]
}
{
  "ok": true,
  "generated_at": "2026-05-07 20:00:02",
  "merged_filter_count": 40,
  "promoted": 4,
  "watch": 36,
  "suppressed": 3,
  "path_rules": 28,
  "best_default_features": [
    "visible_artifact",
    "challenge_mode",
    "project_first",
    "walking_mode",
    "low_text",
    "recovery_mode",
    "micro_start"
  ]
}
{
  "ok": true,
  "generated_at": "2026-05-07 20:00:02",
  "new_events": 60,
  "total_events": 2400,
  "filter_count": 10,
  "sample_filters": [
    {
      "user_id": "audio_walking_learner",
      "goal_id": "filmmaking",
      "action": "balanced",
      "required_features": [
        "walking_mode",
        "skill_tree",
        "clear_checkpoint"
      ],
      "avoid_features": [],
      "best_modality": "gamified",
      "best_difficulty": "medium",
      "completion_rate": 56,
      "start_rate": 87
    },
    {
      "user_id": "audio_walking_learner",
      "goal_id": "web_design",
      "action": "balanced",
      "required_features": [
        "walking_mode",
        "deadline_aware",
        "micro_start"
      ],
      "avoid_features": [],
      "best_modality": "gamified",
      "best_difficulty": "medium",
      "completion_rate": 58,
      "start_rate": 89
    },
    {
      "user_id": "adhd_overwhelmed_student",
      "goal_id": "web_design",
      "action": "micro_recovery_first",
      "required_features": [
        "walking_mode",
        "clear_checkpoint",
        "outside_app_ready"
      ],
      "avoid_features": [],
      "best_modality": "walking",
      "best_difficulty": "easy",
      "completion_rate": 29,
      "start_rate": 64
    },
    {
      "user_id": "burnout_recovery_user",
      "goal_id": "web_design",
      "action": "finish_support",
      "required_features": [
        "walking_mode",
        "audio_mode",
        "low_text"
      ],
      "avoid_features": [],
      "best_modality": "visual",
      "best_difficulty": "easy",
      "completion_rate": 41,
      "start_rate": 72
    },
    {
      "user_id": "visual_project_learner",
      "goal_id": "filmmaking",
      "action": "challenge_and_scale",
      "required_features": [
        "project_first",
        "micro_start",
        "visible_artifact"
      ],
      "avoid_features": [],
      "best_modality": "walking",
      "best_difficulty": "hard",
      "completion_rate": 70,
      "start_rate": 97
    }
  ]
}
{
  "ok": true,
  "generated_at": "2026-05-07 20:00:03",
  "new_events": 36,
  "total_events": 1440,
  "filter_count": 30,
  "sample_filters": [
    {
      "user_id": "busy_worker_student",
      "scenario_id": "semester_overload",
      "domain": "college",
      "action": "micro_start_plan",
      "avg_completion": 52,
      "overwhelm_rate": 41,
      "recommended_structures": [
        "calendar_chunking",
        "micro_start",
        "deadline_risk_map",
        "recovery_buffer"
      ],
      "dominant_verdict": "needs_lower_activation"
    },
    {
      "user_id": "creative_project_user",
      "scenario_id": "make_a_movie",
      "domain": "filmmaking",
      "action": "checkpoint_finish_plan",
      "avg_completion": 59,
      "overwhelm_rate": 51,
      "recommended_structures": [
        "phone_only_mode",
        "15_second_scene",
        "storyboard_3_frames",
        "publishable_microfilm"
      ],
      "dominant_verdict": "needs_finish_support"
    },
    {
      "user_id": "creative_project_user",
      "scenario_id": "semester_overload",
      "domain": "college",
      "action": "checkpoint_finish_plan",
      "avg_completion": 46,
      "overwhelm_rate": 31,
      "recommended_structures": [
        "calendar_chunking",
        "micro_start",
        "deadline_risk_map",
        "recovery_buffer"
      ],
      "dominant_verdict": "needs_finish_support"
    },
    {
      "user_id": "burnout_user",
      "scenario_id": "startup_validation",
      "domain": "business",
      "action": "recovery_first_plan",
      "avg_completion": 19,
      "overwhelm_rate": 62,
      "recommended_structures": [
        "one_user_profile",
        "landing_page_mvp",
        "interview_script",
        "tiny_offer"
      ],
      "dominant_verdict": "needs_recovery_first"
    },
    {
      "user_id": "adhd_student",
      "scenario_id": "research_paper",
      "domain": "school_assignment",
      "action": "recovery_first_plan",
      "avg_completion": 29,
      "overwhelm_rate": 57,
      "recommended_structures": [
        "bad_first_draft",
        "source_micro_goal",
        "outline_first",
        "checkpoint_rewards"
      ],
      "dominant_verdict": "needs_recovery_first"
    }
  ]
}
Bridge Brain Safe start: 2026-05-07 20:00:01.837505
Using Python interpreter: /home/ubuntu/bridge-engine/venv/bin/python
Running: scripts/automation_runner.py
Running: scripts/reward_loop_engine.py
Running: scripts/context_intelligence_engine.py
Running: scripts/path_effectiveness_engine.py
Running: scripts/adaptive_learning_engine.py
Running: scripts/adaptive_backend_brain.py
Running: scripts/smart_path_simulation_engine.py
Running: scripts/complex_path_simulation_engine.py
Bridge Brain Safe complete: 2026-05-07 20:00:03.202093
{
  "ok": true,
  "ran_at": "2026-05-07 20:10:01",
  "runs": 48,
  "retention": {
    "generated_at": "2026-05-07 20:10:01",
    "total_paths": 1,
    "started_paths": 0,
    "completed_paths": 0,
    "partial_paths": 0,
    "abandoned_paths": 1,
    "total_steps": 4,
    "done_steps": 0,
    "completion_rate": 0,
    "start_rate": 0,
    "feedback_events": 0,
    "overwhelm_events": 0,
    "flow_events": 0,
    "recommended_energy_mode": "focused"
  },
  "actions": [
    {
      "type": "momentum_recovery",
      "title": "Offer a 3-minute restart task for abandoned paths",
      "priority": "high"
    },
    {
      "type": "clarity",
      "title": "Rewrite checkpoints to be more concrete",
      "priority": "high"
    }
  ]
}
{
  "ok": true,
  "ran_at": "2026-05-07 20:10:01",
  "runs": 42,
  "reward_style": "restart_friction_reducer",
  "task_size": "tiny",
  "loops": [
    "Instant Visible Progress",
    "Momentum Continuation",
    "Friction Recovery",
    "Novelty Injection",
    "Identity Reinforcement"
  ]
}
{
  "ok": true,
  "generated_at": "2026-05-07 20:10:01",
  "recommendation": {
    "best_time_of_day": "morning",
    "best_energy_mode": "focused",
    "best_environment": "desk",
    "best_session_length": "medium",
    "recommended_task_mode": "guided_progress",
    "recommended_minutes": 10,
    "message": "Best current pattern: medium guided_progress tasks during morning, ideally in desk mode."
  }
}
{
  "ok": true,
  "generated_at": "2026-05-07 20:10:01",
  "recommendations": [
    {
      "goal_type": "language",
      "action": "improve_activation",
      "message": "This path needs a stronger first visible win and clearer emotional payoff."
    }
  ]
}
{
  "ok": true,
  "generated_at": "2026-05-07 20:10:01",
  "mode": "micro_activation",
  "rules": [
    "Default new tasks into low-friction micro-start format."
  ]
}
{
  "ok": true,
  "generated_at": "2026-05-07 20:10:01",
  "merged_filter_count": 40,
  "promoted": 4,
  "watch": 36,
  "suppressed": 2,
  "path_rules": 28,
  "best_default_features": [
    "visible_artifact",
    "challenge_mode",
    "project_first",
    "walking_mode",
    "low_text",
    "recovery_mode",
    "micro_start"
  ]
}
{
  "ok": true,
  "generated_at": "2026-05-07 20:10:02",
  "new_events": 60,
  "total_events": 2460,
  "filter_count": 10,
  "sample_filters": [
    {
      "user_id": "audio_walking_learner",
      "goal_id": "filmmaking",
      "action": "balanced",
      "required_features": [
        "walking_mode",
        "skill_tree",
        "clear_checkpoint"
      ],
      "avoid_features": [],
      "best_modality": "gamified",
      "best_difficulty": "medium",
      "completion_rate": 56,
      "start_rate": 87
    },
    {
      "user_id": "audio_walking_learner",
      "goal_id": "web_design",
      "action": "balanced",
      "required_features": [
        "walking_mode",
        "deadline_aware",
        "micro_start"
      ],
      "avoid_features": [],
      "best_modality": "gamified",
      "best_difficulty": "medium",
      "completion_rate": 57,
      "start_rate": 89
    },
    {
      "user_id": "adhd_overwhelmed_student",
      "goal_id": "web_design",
      "action": "micro_recovery_first",
      "required_features": [
        "walking_mode",
        "clear_checkpoint",
        "low_text"
      ],
      "avoid_features": [],
      "best_modality": "walking",
      "best_difficulty": "easy",
      "completion_rate": 30,
      "start_rate": 65
    },
    {
      "user_id": "burnout_recovery_user",
      "goal_id": "web_design",
      "action": "finish_support",
      "required_features": [
        "walking_mode",
        "audio_mode",
        "low_text"
      ],
      "avoid_features": [],
      "best_modality": "walking",
      "best_difficulty": "easy",
      "completion_rate": 41,
      "start_rate": 72
    },
    {
      "user_id": "visual_project_learner",
      "goal_id": "filmmaking",
      "action": "challenge_and_scale",
      "required_features": [
        "project_first",
        "visible_artifact",
        "micro_start"
      ],
      "avoid_features": [],
      "best_modality": "walking",
      "best_difficulty": "hard",
      "completion_rate": 70,
      "start_rate": 97
    }
  ]
}
{
  "ok": true,
  "generated_at": "2026-05-07 20:10:02",
  "new_events": 36,
  "total_events": 1476,
  "filter_count": 30,
  "sample_filters": [
    {
      "user_id": "busy_worker_student",
      "scenario_id": "semester_overload",
      "domain": "college",
      "action": "micro_start_plan",
      "avg_completion": 52,
      "overwhelm_rate": 41,
      "recommended_structures": [
        "calendar_chunking",
        "micro_start",
        "deadline_risk_map",
        "recovery_buffer"
      ],
      "dominant_verdict": "needs_lower_activation"
    },
    {
      "user_id": "creative_project_user",
      "scenario_id": "make_a_movie",
      "domain": "filmmaking",
      "action": "checkpoint_finish_plan",
      "avg_completion": 58,
      "overwhelm_rate": 52,
      "recommended_structures": [
        "phone_only_mode",
        "15_second_scene",
        "storyboard_3_frames",
        "publishable_microfilm"
      ],
      "dominant_verdict": "needs_finish_support"
    },
    {
      "user_id": "creative_project_user",
      "scenario_id": "semester_overload",
      "domain": "college",
      "action": "checkpoint_finish_plan",
      "avg_completion": 46,
      "overwhelm_rate": 31,
      "recommended_structures": [
        "calendar_chunking",
        "micro_start",
        "deadline_risk_map",
        "recovery_buffer"
      ],
      "dominant_verdict": "needs_finish_support"
    },
    {
      "user_id": "burnout_user",
      "scenario_id": "startup_validation",
      "domain": "business",
      "action": "recovery_first_plan",
      "avg_completion": 19,
      "overwhelm_rate": 62,
      "recommended_structures": [
        "one_user_profile",
        "landing_page_mvp",
        "interview_script",
        "tiny_offer"
      ],
      "dominant_verdict": "needs_recovery_first"
    },
    {
      "user_id": "adhd_student",
      "scenario_id": "research_paper",
      "domain": "school_assignment",
      "action": "recovery_first_plan",
      "avg_completion": 29,
      "overwhelm_rate": 57,
      "recommended_structures": [
        "bad_first_draft",
        "source_micro_goal",
        "outline_first",
        "checkpoint_rewards"
      ],
      "dominant_verdict": "needs_recovery_first"
    }
  ]
}
Bridge Brain Safe start: 2026-05-07 20:10:01.245254
Using Python interpreter: /home/ubuntu/bridge-engine/venv/bin/python
Running: scripts/automation_runner.py
Running: scripts/reward_loop_engine.py
Running: scripts/context_intelligence_engine.py
Running: scripts/path_effectiveness_engine.py
Running: scripts/adaptive_learning_engine.py
Running: scripts/adaptive_backend_brain.py
Running: scripts/smart_path_simulation_engine.py
Running: scripts/complex_path_simulation_engine.py
Bridge Brain Safe complete: 2026-05-07 20:10:02.613858
{
  "ok": true,
  "ran_at": "2026-05-07 20:20:01",
  "runs": 49,
  "retention": {
    "generated_at": "2026-05-07 20:20:01",
    "total_paths": 1,
    "started_paths": 0,
    "completed_paths": 0,
    "partial_paths": 0,
    "abandoned_paths": 1,
    "total_steps": 4,
    "done_steps": 0,
    "completion_rate": 0,
    "start_rate": 0,
    "feedback_events": 0,
    "overwhelm_events": 0,
    "flow_events": 0,
    "recommended_energy_mode": "focused"
  },
  "actions": [
    {
      "type": "momentum_recovery",
      "title": "Offer a 3-minute restart task for abandoned paths",
      "priority": "high"
    },
    {
      "type": "clarity",
      "title": "Rewrite checkpoints to be more concrete",
      "priority": "high"
    }
  ]
}
{
  "ok": true,
  "ran_at": "2026-05-07 20:20:01",
  "runs": 43,
  "reward_style": "restart_friction_reducer",
  "task_size": "tiny",
  "loops": [
    "Instant Visible Progress",
    "Momentum Continuation",
    "Friction Recovery",
    "Novelty Injection",
    "Identity Reinforcement"
  ]
}
{
  "ok": true,
  "generated_at": "2026-05-07 20:20:01",
  "recommendation": {
    "best_time_of_day": "morning",
    "best_energy_mode": "focused",
    "best_environment": "desk",
    "best_session_length": "medium",
    "recommended_task_mode": "guided_progress",
    "recommended_minutes": 10,
    "message": "Best current pattern: medium guided_progress tasks during morning, ideally in desk mode."
  }
}
{
  "ok": true,
  "generated_at": "2026-05-07 20:20:01",
  "recommendations": [
    {
      "goal_type": "language",
      "action": "improve_activation",
      "message": "This path needs a stronger first visible win and clearer emotional payoff."
    }
  ]
}
{
  "ok": true,
  "generated_at": "2026-05-07 20:20:02",
  "mode": "micro_activation",
  "rules": [
    "Default new tasks into low-friction micro-start format."
  ]
}
{
  "ok": true,
  "generated_at": "2026-05-07 20:20:02",
  "merged_filter_count": 40,
  "promoted": 4,
  "watch": 36,
  "suppressed": 3,
  "path_rules": 28,
  "best_default_features": [
    "visible_artifact",
    "challenge_mode",
    "project_first",
    "micro_start",
    "walking_mode",
    "low_text",
    "recovery_mode"
  ]
}
{
  "ok": true,
  "generated_at": "2026-05-07 20:20:02",
  "new_events": 60,
  "total_events": 2520,
  "filter_count": 10,
  "sample_filters": [
    {
      "user_id": "audio_walking_learner",
      "goal_id": "filmmaking",
      "action": "balanced",
      "required_features": [
        "walking_mode",
        "clear_checkpoint",
        "audio_mode"
      ],
      "avoid_features": [],
      "best_modality": "gamified",
      "best_difficulty": "medium",
      "completion_rate": 57,
      "start_rate": 87
    },
    {
      "user_id": "audio_walking_learner",
      "goal_id": "web_design",
      "action": "balanced",
      "required_features": [
        "walking_mode",
        "deadline_aware",
        "micro_start"
      ],
      "avoid_features": [],
      "best_modality": "gamified",
      "best_difficulty": "medium",
      "completion_rate": 58,
      "start_rate": 89
    },
    {
      "user_id": "adhd_overwhelmed_student",
      "goal_id": "web_design",
      "action": "micro_recovery_first",
      "required_features": [
        "clear_checkpoint",
        "walking_mode",
        "low_text"
      ],
      "avoid_features": [],
      "best_modality": "walking",
      "best_difficulty": "medium",
      "completion_rate": 30,
      "start_rate": 65
    },
    {
      "user_id": "burnout_recovery_user",
      "goal_id": "web_design",
      "action": "finish_support",
      "required_features": [
        "walking_mode",
        "audio_mode",
        "deadline_aware"
      ],
      "avoid_features": [],
      "best_modality": "walking",
      "best_difficulty": "easy",
      "completion_rate": 41,
      "start_rate": 72
    },
    {
      "user_id": "visual_project_learner",
      "goal_id": "filmmaking",
      "action": "challenge_and_scale",
      "required_features": [
        "project_first",
        "visible_artifact",
        "micro_start"
      ],
      "avoid_features": [],
      "best_modality": "walking",
      "best_difficulty": "hard",
      "completion_rate": 70,
      "start_rate": 97
    }
  ]
}
{
  "ok": true,
  "generated_at": "2026-05-07 20:20:03",
  "new_events": 36,
  "total_events": 1512,
  "filter_count": 30,
  "sample_filters": [
    {
      "user_id": "busy_worker_student",
      "scenario_id": "semester_overload",
      "domain": "college",
      "action": "micro_start_plan",
      "avg_completion": 53,
      "overwhelm_rate": 43,
      "recommended_structures": [
        "calendar_chunking",
        "micro_start",
        "deadline_risk_map",
        "recovery_buffer"
      ],
      "dominant_verdict": "needs_lower_activation"
    },
    {
      "user_id": "creative_project_user",
      "scenario_id": "make_a_movie",
      "domain": "filmmaking",
      "action": "checkpoint_finish_plan",
      "avg_completion": 58,
      "overwhelm_rate": 54,
      "recommended_structures": [
        "phone_only_mode",
        "15_second_scene",
        "storyboard_3_frames",
        "publishable_microfilm"
      ],
      "dominant_verdict": "needs_finish_support"
    },
    {
      "user_id": "creative_project_user",
      "scenario_id": "semester_overload",
      "domain": "college",
      "action": "checkpoint_finish_plan",
      "avg_completion": 46,
      "overwhelm_rate": 30,
      "recommended_structures": [
        "calendar_chunking",
        "micro_start",
        "deadline_risk_map",
        "recovery_buffer"
      ],
      "dominant_verdict": "needs_finish_support"
    },
    {
      "user_id": "burnout_user",
      "scenario_id": "startup_validation",
      "domain": "business",
      "action": "recovery_first_plan",
      "avg_completion": 18,
      "overwhelm_rate": 62,
      "recommended_structures": [
        "one_user_profile",
        "landing_page_mvp",
        "interview_script",
        "tiny_offer"
      ],
      "dominant_verdict": "needs_recovery_first"
    },
    {
      "user_id": "adhd_student",
      "scenario_id": "research_paper",
      "domain": "school_assignment",
      "action": "recovery_first_plan",
      "avg_completion": 28,
      "overwhelm_rate": 56,
      "recommended_structures": [
        "bad_first_draft",
        "source_micro_goal",
        "outline_first",
        "checkpoint_rewards"
      ],
      "dominant_verdict": "needs_recovery_first"
    }
  ]
}
Bridge Brain Safe start: 2026-05-07 20:20:01.667294
Using Python interpreter: /home/ubuntu/bridge-engine/venv/bin/python
Running: scripts/automation_runner.py
Running: scripts/reward_loop_engine.py
Running: scripts/context_intelligence_engine.py
Running: scripts/path_effectiveness_engine.py
Running: scripts/adaptive_learning_engine.py
Running: scripts/adaptive_backend_brain.py
Running: scripts/smart_path_simulation_engine.py
Running: scripts/complex_path_simulation_engine.py
Bridge Brain Safe complete: 2026-05-07 20:20:03.016552
{
  "ok": true,
  "ran_at": "2026-05-07 20:30:01",
  "runs": 50,
  "retention": {
    "generated_at": "2026-05-07 20:30:01",
    "total_paths": 1,
    "started_paths": 0,
    "completed_paths": 0,
    "partial_paths": 0,
    "abandoned_paths": 1,
    "total_steps": 4,
    "done_steps": 0,
    "completion_rate": 0,
    "start_rate": 0,
    "feedback_events": 0,
    "overwhelm_events": 0,
    "flow_events": 0,
    "recommended_energy_mode": "focused"
  },
  "actions": [
    {
      "type": "momentum_recovery",
      "title": "Offer a 3-minute restart task for abandoned paths",
      "priority": "high"
    },
    {
      "type": "clarity",
      "title": "Rewrite checkpoints to be more concrete",
      "priority": "high"
    }
  ]
}
{
  "ok": true,
  "ran_at": "2026-05-07 20:30:01",
  "runs": 44,
  "reward_style": "restart_friction_reducer",
  "task_size": "tiny",
  "loops": [
    "Instant Visible Progress",
    "Momentum Continuation",
    "Friction Recovery",
    "Novelty Injection",
    "Identity Reinforcement"
  ]
}
{
  "ok": true,
  "generated_at": "2026-05-07 20:30:01",
  "recommendation": {
    "best_time_of_day": "morning",
    "best_energy_mode": "focused",
    "best_environment": "desk",
    "best_session_length": "medium",
    "recommended_task_mode": "guided_progress",
    "recommended_minutes": 10,
    "message": "Best current pattern: medium guided_progress tasks during morning, ideally in desk mode."
  }
}
{
  "ok": true,
  "generated_at": "2026-05-07 20:30:01",
  "recommendations": [
    {
      "goal_type": "language",
      "action": "improve_activation",
      "message": "This path needs a stronger first visible win and clearer emotional payoff."
    }
  ]
}
{
  "ok": true,
  "generated_at": "2026-05-07 20:30:01",
  "mode": "micro_activation",
  "rules": [
    "Default new tasks into low-friction micro-start format."
  ]
}
{
  "ok": true,
  "generated_at": "2026-05-07 20:30:01",
  "merged_filter_count": 40,
  "promoted": 4,
  "watch": 36,
  "suppressed": 2,
  "path_rules": 28,
  "best_default_features": [
    "visible_artifact",
    "challenge_mode",
    "project_first",
    "walking_mode",
    "low_text",
    "recovery_mode",
    "micro_start"
  ]
}
{
  "ok": true,
  "generated_at": "2026-05-07 20:30:01",
  "new_events": 60,
  "total_events": 2580,
  "filter_count": 10,
  "sample_filters": [
    {
      "user_id": "audio_walking_learner",
      "goal_id": "filmmaking",
      "action": "balanced",
      "required_features": [
        "walking_mode",
        "audio_mode",
        "skill_tree"
      ],
      "avoid_features": [],
      "best_modality": "audio",
      "best_difficulty": "medium",
      "completion_rate": 57,
      "start_rate": 87
    },
    {
      "user_id": "audio_walking_learner",
      "goal_id": "web_design",
      "action": "balanced",
      "required_features": [
        "walking_mode",
        "deadline_aware",
        "visual_example"
      ],
      "avoid_features": [],
      "best_modality": "gamified",
      "best_difficulty": "medium",
      "completion_rate": 58,
      "start_rate": 88
    },
    {
      "user_id": "adhd_overwhelmed_student",
      "goal_id": "web_design",
      "action": "micro_recovery_first",
      "required_features": [
        "clear_checkpoint",
        "walking_mode",
        "low_text"
      ],
      "avoid_features": [],
      "best_modality": "walking",
      "best_difficulty": "medium",
      "completion_rate": 30,
      "start_rate": 65
    },
    {
      "user_id": "burnout_recovery_user",
      "goal_id": "web_design",
      "action": "finish_support",
      "required_features": [
        "audio_mode",
        "walking_mode",
        "low_text"
      ],
      "avoid_features": [],
      "best_modality": "walking",
      "best_difficulty": "easy",
      "completion_rate": 42,
      "start_rate": 72
    },
    {
      "user_id": "visual_project_learner",
      "goal_id": "filmmaking",
      "action": "challenge_and_scale",
      "required_features": [
        "project_first",
        "visible_artifact",
        "micro_start"
      ],
      "avoid_features": [],
      "best_modality": "walking",
      "best_difficulty": "hard",
      "completion_rate": 70,
      "start_rate": 97
    }
  ]
}
{
  "ok": true,
  "generated_at": "2026-05-07 20:30:02",
  "new_events": 36,
  "total_events": 1548,
  "filter_count": 30,
  "sample_filters": [
    {
      "user_id": "busy_worker_student",
      "scenario_id": "semester_overload",
      "domain": "college",
      "action": "micro_start_plan",
      "avg_completion": 53,
      "overwhelm_rate": 42,
      "recommended_structures": [
        "calendar_chunking",
        "micro_start",
        "deadline_risk_map",
        "recovery_buffer"
      ],
      "dominant_verdict": "needs_lower_activation"
    },
    {
      "user_id": "creative_project_user",
      "scenario_id": "make_a_movie",
      "domain": "filmmaking",
      "action": "checkpoint_finish_plan",
      "avg_completion": 57,
      "overwhelm_rate": 53,
      "recommended_structures": [
        "phone_only_mode",
        "15_second_scene",
        "storyboard_3_frames",
        "publishable_microfilm"
      ],
      "dominant_verdict": "needs_finish_support"
    },
    {
      "user_id": "creative_project_user",
      "scenario_id": "semester_overload",
      "domain": "college",
      "action": "checkpoint_finish_plan",
      "avg_completion": 46,
      "overwhelm_rate": 30,
      "recommended_structures": [
        "calendar_chunking",
        "micro_start",
        "deadline_risk_map",
        "recovery_buffer"
      ],
      "dominant_verdict": "needs_finish_support"
    },
    {
      "user_id": "burnout_user",
      "scenario_id": "startup_validation",
      "domain": "business",
      "action": "recovery_first_plan",
      "avg_completion": 18,
      "overwhelm_rate": 63,
      "recommended_structures": [
        "one_user_profile",
        "landing_page_mvp",
        "interview_script",
        "tiny_offer"
      ],
      "dominant_verdict": "needs_recovery_first"
    },
    {
      "user_id": "adhd_student",
      "scenario_id": "research_paper",
      "domain": "school_assignment",
      "action": "recovery_first_plan",
      "avg_completion": 29,
      "overwhelm_rate": 57,
      "recommended_structures": [
        "bad_first_draft",
        "source_micro_goal",
        "outline_first",
        "checkpoint_rewards"
      ],
      "dominant_verdict": "needs_recovery_first"
    }
  ]
}
Bridge Brain Safe start: 2026-05-07 20:30:01.060942
Using Python interpreter: /home/ubuntu/bridge-engine/venv/bin/python
Running: scripts/automation_runner.py
Running: scripts/reward_loop_engine.py
Running: scripts/context_intelligence_engine.py
Running: scripts/path_effectiveness_engine.py
Running: scripts/adaptive_learning_engine.py
Running: scripts/adaptive_backend_brain.py
Running: scripts/smart_path_simulation_engine.py
Running: scripts/complex_path_simulation_engine.py
Bridge Brain Safe complete: 2026-05-07 20:30:02.436695
{
  "ok": true,
  "ran_at": "2026-05-07 20:40:01",
  "runs": 51,
  "retention": {
    "generated_at": "2026-05-07 20:40:01",
    "total_paths": 1,
    "started_paths": 0,
    "completed_paths": 0,
    "partial_paths": 0,
    "abandoned_paths": 1,
    "total_steps": 4,
    "done_steps": 0,
    "completion_rate": 0,
    "start_rate": 0,
    "feedback_events": 0,
    "overwhelm_events": 0,
    "flow_events": 0,
    "recommended_energy_mode": "focused"
  },
  "actions": [
    {
      "type": "momentum_recovery",
      "title": "Offer a 3-minute restart task for abandoned paths",
      "priority": "high"
    },
    {
      "type": "clarity",
      "title": "Rewrite checkpoints to be more concrete",
      "priority": "high"
    }
  ]
}
{
  "ok": true,
  "ran_at": "2026-05-07 20:40:01",
  "runs": 45,
  "reward_style": "restart_friction_reducer",
  "task_size": "tiny",
  "loops": [
    "Instant Visible Progress",
    "Momentum Continuation",
    "Friction Recovery",
    "Novelty Injection",
    "Identity Reinforcement"
  ]
}
{
  "ok": true,
  "generated_at": "2026-05-07 20:40:01",
  "recommendation": {
    "best_time_of_day": "morning",
    "best_energy_mode": "focused",
    "best_environment": "desk",
    "best_session_length": "medium",
    "recommended_task_mode": "guided_progress",
    "recommended_minutes": 10,
    "message": "Best current pattern: medium guided_progress tasks during morning, ideally in desk mode."
  }
}
{
  "ok": true,
  "generated_at": "2026-05-07 20:40:01",
  "recommendations": [
    {
      "goal_type": "language",
      "action": "improve_activation",
      "message": "This path needs a stronger first visible win and clearer emotional payoff."
    }
  ]
}
{
  "ok": true,
  "generated_at": "2026-05-07 20:40:01",
  "mode": "micro_activation",
  "rules": [
    "Default new tasks into low-friction micro-start format."
  ]
}
{
  "ok": true,
  "generated_at": "2026-05-07 20:40:01",
  "merged_filter_count": 40,
  "promoted": 4,
  "watch": 36,
  "suppressed": 2,
  "path_rules": 28,
  "best_default_features": [
    "visible_artifact",
    "challenge_mode",
    "project_first",
    "walking_mode",
    "low_text",
    "recovery_mode",
    "micro_start"
  ]
}
{
  "ok": true,
  "generated_at": "2026-05-07 20:40:02",
  "new_events": 60,
  "total_events": 2640,
  "filter_count": 10,
  "sample_filters": [
    {
      "user_id": "audio_walking_learner",
      "goal_id": "filmmaking",
      "action": "balanced",
      "required_features": [
        "walking_mode",
        "audio_mode",
        "visible_artifact"
      ],
      "avoid_features": [],
      "best_modality": "audio",
      "best_difficulty": "medium",
      "completion_rate": 58,
      "start_rate": 88
    },
    {
      "user_id": "audio_walking_learner",
      "goal_id": "web_design",
      "action": "balanced",
      "required_features": [
        "walking_mode",
        "deadline_aware",
        "visual_example"
      ],
      "avoid_features": [],
      "best_modality": "gamified",
      "best_difficulty": "medium",
      "completion_rate": 58,
      "start_rate": 89
    },
    {
      "user_id": "adhd_overwhelmed_student",
      "goal_id": "web_design",
      "action": "micro_recovery_first",
      "required_features": [
        "clear_checkpoint",
        "walking_mode",
        "low_text"
      ],
      "avoid_features": [],
      "best_modality": "music_supported",
      "best_difficulty": "easy",
      "completion_rate": 31,
      "start_rate": 64
    },
    {
      "user_id": "burnout_recovery_user",
      "goal_id": "web_design",
      "action": "finish_support",
      "required_features": [
        "audio_mode",
        "walking_mode",
        "deadline_aware"
      ],
      "avoid_features": [],
      "best_modality": "walking",
      "best_difficulty": "easy",
      "completion_rate": 42,
      "start_rate": 72
    },
    {
      "user_id": "visual_project_learner",
      "goal_id": "filmmaking",
      "action": "challenge_and_scale",
      "required_features": [
        "project_first",
        "visible_artifact",
        "micro_start"
      ],
      "avoid_features": [],
      "best_modality": "audio",
      "best_difficulty": "hard",
      "completion_rate": 70,
      "start_rate": 97
    }
  ]
}
{
  "ok": true,
  "generated_at": "2026-05-07 20:40:02",
  "new_events": 36,
  "total_events": 1584,
  "filter_count": 30,
  "sample_filters": [
    {
      "user_id": "busy_worker_student",
      "scenario_id": "semester_overload",
      "domain": "college",
      "action": "micro_start_plan",
      "avg_completion": 53,
      "overwhelm_rate": 42,
      "recommended_structures": [
        "calendar_chunking",
        "micro_start",
        "deadline_risk_map",
        "recovery_buffer"
      ],
      "dominant_verdict": "needs_lower_activation"
    },
    {
      "user_id": "creative_project_user",
      "scenario_id": "make_a_movie",
      "domain": "filmmaking",
      "action": "checkpoint_finish_plan",
      "avg_completion": 57,
      "overwhelm_rate": 52,
      "recommended_structures": [
        "phone_only_mode",
        "15_second_scene",
        "storyboard_3_frames",
        "publishable_microfilm"
      ],
      "dominant_verdict": "needs_finish_support"
    },
    {
      "user_id": "creative_project_user",
      "scenario_id": "semester_overload",
      "domain": "college",
      "action": "checkpoint_finish_plan",
      "avg_completion": 46,
      "overwhelm_rate": 30,
      "recommended_structures": [
        "calendar_chunking",
        "micro_start",
        "deadline_risk_map",
        "recovery_buffer"
      ],
      "dominant_verdict": "needs_finish_support"
    },
    {
      "user_id": "burnout_user",
      "scenario_id": "startup_validation",
      "domain": "business",
      "action": "recovery_first_plan",
      "avg_completion": 18,
      "overwhelm_rate": 63,
      "recommended_structures": [
        "one_user_profile",
        "landing_page_mvp",
        "interview_script",
        "tiny_offer"
      ],
      "dominant_verdict": "needs_recovery_first"
    },
    {
      "user_id": "adhd_student",
      "scenario_id": "research_paper",
      "domain": "school_assignment",
      "action": "recovery_first_plan",
      "avg_completion": 28,
      "overwhelm_rate": 57,
      "recommended_structures": [
        "bad_first_draft",
        "source_micro_goal",
        "outline_first",
        "checkpoint_rewards"
      ],
      "dominant_verdict": "needs_recovery_first"
    }
  ]
}
Bridge Brain Safe start: 2026-05-07 20:40:01.530675
Using Python interpreter: /home/ubuntu/bridge-engine/venv/bin/python
Running: scripts/automation_runner.py
Running: scripts/reward_loop_engine.py
Running: scripts/context_intelligence_engine.py
Running: scripts/path_effectiveness_engine.py
Running: scripts/adaptive_learning_engine.py
Running: scripts/adaptive_backend_brain.py
Running: scripts/smart_path_simulation_engine.py
Running: scripts/complex_path_simulation_engine.py
Bridge Brain Safe complete: 2026-05-07 20:40:02.919742
{
  "ok": true,
  "ran_at": "2026-05-07 20:50:02",
  "runs": 52,
  "retention": {
    "generated_at": "2026-05-07 20:50:02",
    "total_paths": 1,
    "started_paths": 0,
    "completed_paths": 0,
    "partial_paths": 0,
    "abandoned_paths": 1,
    "total_steps": 4,
    "done_steps": 0,
    "completion_rate": 0,
    "start_rate": 0,
    "feedback_events": 0,
    "overwhelm_events": 0,
    "flow_events": 0,
    "recommended_energy_mode": "focused"
  },
  "actions": [
    {
      "type": "momentum_recovery",
      "title": "Offer a 3-minute restart task for abandoned paths",
      "priority": "high"
    },
    {
      "type": "clarity",
      "title": "Rewrite checkpoints to be more concrete",
      "priority": "high"
    }
  ]
}
{
  "ok": true,
  "ran_at": "2026-05-07 20:50:02",
  "runs": 46,
  "reward_style": "restart_friction_reducer",
  "task_size": "tiny",
  "loops": [
    "Instant Visible Progress",
    "Momentum Continuation",
    "Friction Recovery",
    "Novelty Injection",
    "Identity Reinforcement"
  ]
}
{
  "ok": true,
  "generated_at": "2026-05-07 20:50:02",
  "recommendation": {
    "best_time_of_day": "morning",
    "best_energy_mode": "focused",
    "best_environment": "desk",
    "best_session_length": "medium",
    "recommended_task_mode": "guided_progress",
    "recommended_minutes": 10,
    "message": "Best current pattern: medium guided_progress tasks during morning, ideally in desk mode."
  }
}
{
  "ok": true,
  "generated_at": "2026-05-07 20:50:02",
  "recommendations": [
    {
      "goal_type": "language",
      "action": "improve_activation",
      "message": "This path needs a stronger first visible win and clearer emotional payoff."
    }
  ]
}
{
  "ok": true,
  "generated_at": "2026-05-07 20:50:02",
  "mode": "micro_activation",
  "rules": [
    "Default new tasks into low-friction micro-start format."
  ]
}
{
  "ok": true,
  "generated_at": "2026-05-07 20:50:02",
  "merged_filter_count": 40,
  "promoted": 4,
  "watch": 36,
  "suppressed": 2,
  "path_rules": 28,
  "best_default_features": [
    "visible_artifact",
    "challenge_mode",
    "project_first",
    "walking_mode",
    "low_text",
    "recovery_mode",
    "micro_start"
  ]
}
{
  "ok": true,
  "generated_at": "2026-05-07 20:50:02",
  "new_events": 60,
  "total_events": 2700,
  "filter_count": 10,
  "sample_filters": [
    {
      "user_id": "audio_walking_learner",
      "goal_id": "filmmaking",
      "action": "balanced",
      "required_features": [
        "walking_mode",
        "audio_mode",
        "skill_tree"
      ],
      "avoid_features": [],
      "best_modality": "audio",
      "best_difficulty": "medium",
      "completion_rate": 58,
      "start_rate": 88
    },
    {
      "user_id": "audio_walking_learner",
      "goal_id": "web_design",
      "action": "balanced",
      "required_features": [
        "walking_mode",
        "deadline_aware",
        "visual_example"
      ],
      "avoid_features": [],
      "best_modality": "gamified",
      "best_difficulty": "easy",
      "completion_rate": 59,
      "start_rate": 89
    },
    {
      "user_id": "adhd_overwhelmed_student",
      "goal_id": "web_design",
      "action": "micro_recovery_first",
      "required_features": [
        "clear_checkpoint",
        "walking_mode",
        "low_text"
      ],
      "avoid_features": [],
      "best_modality": "music_supported",
      "best_difficulty": "easy",
      "completion_rate": 31,
      "start_rate": 65
    },
    {
      "user_id": "burnout_recovery_user",
      "goal_id": "web_design",
      "action": "finish_support",
      "required_features": [
        "audio_mode",
        "walking_mode",
        "deadline_aware"
      ],
      "avoid_features": [],
      "best_modality": "walking",
      "best_difficulty": "easy",
      "completion_rate": 43,
      "start_rate": 73
    },
    {
      "user_id": "visual_project_learner",
      "goal_id": "filmmaking",
      "action": "challenge_and_scale",
      "required_features": [
        "project_first",
        "visible_artifact",
        "micro_start"
      ],
      "avoid_features": [],
      "best_modality": "audio",
      "best_difficulty": "hard",
      "completion_rate": 70,
      "start_rate": 97
    }
  ]
}
{
  "ok": true,
  "generated_at": "2026-05-07 20:50:03",
  "new_events": 36,
  "total_events": 1620,
  "filter_count": 30,
  "sample_filters": [
    {
      "user_id": "busy_worker_student",
      "scenario_id": "semester_overload",
      "domain": "college",
      "action": "micro_start_plan",
      "avg_completion": 53,
      "overwhelm_rate": 42,
      "recommended_structures": [
        "calendar_chunking",
        "micro_start",
        "deadline_risk_map",
        "recovery_buffer"
      ],
      "dominant_verdict": "needs_lower_activation"
    },
    {
      "user_id": "creative_project_user",
      "scenario_id": "make_a_movie",
      "domain": "filmmaking",
      "action": "checkpoint_finish_plan",
      "avg_completion": 57,
      "overwhelm_rate": 51,
      "recommended_structures": [
        "phone_only_mode",
        "15_second_scene",
        "storyboard_3_frames",
        "publishable_microfilm"
      ],
      "dominant_verdict": "needs_finish_support"
    },
    {
      "user_id": "creative_project_user",
      "scenario_id": "semester_overload",
      "domain": "college",
      "action": "checkpoint_finish_plan",
      "avg_completion": 46,
      "overwhelm_rate": 31,
      "recommended_structures": [
        "calendar_chunking",
        "micro_start",
        "deadline_risk_map",
        "recovery_buffer"
      ],
      "dominant_verdict": "needs_finish_support"
    },
    {
      "user_id": "burnout_user",
      "scenario_id": "startup_validation",
      "domain": "business",
      "action": "recovery_first_plan",
      "avg_completion": 18,
      "overwhelm_rate": 63,
      "recommended_structures": [
        "one_user_profile",
        "landing_page_mvp",
        "interview_script",
        "tiny_offer"
      ],
      "dominant_verdict": "needs_recovery_first"
    },
    {
      "user_id": "adhd_student",
      "scenario_id": "research_paper",
      "domain": "school_assignment",
      "action": "recovery_first_plan",
      "avg_completion": 28,
      "overwhelm_rate": 56,
      "recommended_structures": [
        "bad_first_draft",
        "source_micro_goal",
        "outline_first",
        "checkpoint_rewards"
      ],
      "dominant_verdict": "needs_recovery_first"
    }
  ]
}
Bridge Brain Safe start: 2026-05-07 20:50:01.962560
Using Python interpreter: /home/ubuntu/bridge-engine/venv/bin/python
Running: scripts/automation_runner.py
Running: scripts/reward_loop_engine.py
Running: scripts/context_intelligence_engine.py
Running: scripts/path_effectiveness_engine.py
Running: scripts/adaptive_learning_engine.py
Running: scripts/adaptive_backend_brain.py
Running: scripts/smart_path_simulation_engine.py
Running: scripts/complex_path_simulation_engine.py
Bridge Brain Safe complete: 2026-05-07 20:50:03.400734
{
  "ok": true,
  "ran_at": "2026-05-07 21:00:01",
  "runs": 53,
  "retention": {
    "generated_at": "2026-05-07 21:00:01",
    "total_paths": 1,
    "started_paths": 0,
    "completed_paths": 0,
    "partial_paths": 0,
    "abandoned_paths": 1,
    "total_steps": 4,
    "done_steps": 0,
    "completion_rate": 0,
    "start_rate": 0,
    "feedback_events": 0,
    "overwhelm_events": 0,
    "flow_events": 0,
    "recommended_energy_mode": "focused"
  },
  "actions": [
    {
      "type": "momentum_recovery",
      "title": "Offer a 3-minute restart task for abandoned paths",
      "priority": "high"
    },
    {
      "type": "clarity",
      "title": "Rewrite checkpoints to be more concrete",
      "priority": "high"
    }
  ]
}
{
  "ok": true,
  "ran_at": "2026-05-07 21:00:01",
  "runs": 47,
  "reward_style": "restart_friction_reducer",
  "task_size": "tiny",
  "loops": [
    "Instant Visible Progress",
    "Momentum Continuation",
    "Friction Recovery",
    "Novelty Injection",
    "Identity Reinforcement"
  ]
}
{
  "ok": true,
  "generated_at": "2026-05-07 21:00:01",
  "recommendation": {
    "best_time_of_day": "morning",
    "best_energy_mode": "focused",
    "best_environment": "desk",
    "best_session_length": "medium",
    "recommended_task_mode": "guided_progress",
    "recommended_minutes": 10,
    "message": "Best current pattern: medium guided_progress tasks during morning, ideally in desk mode."
  }
}
{
  "ok": true,
  "generated_at": "2026-05-07 21:00:01",
  "recommendations": [
    {
      "goal_type": "language",
      "action": "improve_activation",
      "message": "This path needs a stronger first visible win and clearer emotional payoff."
    }
  ]
}
{
  "ok": true,
  "generated_at": "2026-05-07 21:00:01",
  "mode": "micro_activation",
  "rules": [
    "Default new tasks into low-friction micro-start format."
  ]
}
{
  "ok": true,
  "generated_at": "2026-05-07 21:00:01",
  "merged_filter_count": 40,
  "promoted": 4,
  "watch": 36,
  "suppressed": 2,
  "path_rules": 28,
  "best_default_features": [
    "visible_artifact",
    "challenge_mode",
    "project_first",
    "walking_mode",
    "low_text",
    "recovery_mode",
    "micro_start"
  ]
}
{
  "ok": true,
  "generated_at": "2026-05-07 21:00:02",
  "new_events": 60,
  "total_events": 2760,
  "filter_count": 10,
  "sample_filters": [
    {
      "user_id": "audio_walking_learner",
      "goal_id": "filmmaking",
      "action": "balanced",
      "required_features": [
        "walking_mode",
        "audio_mode",
        "skill_tree"
      ],
      "avoid_features": [],
      "best_modality": "audio",
      "best_difficulty": "medium",
      "completion_rate": 58,
      "start_rate": 88
    },
    {
      "user_id": "audio_walking_learner",
      "goal_id": "web_design",
      "action": "balanced",
      "required_features": [
        "walking_mode",
        "micro_start",
        "deadline_aware"
      ],
      "avoid_features": [],
      "best_modality": "gamified",
      "best_difficulty": "easy",
      "completion_rate": 58,
      "start_rate": 88
    },
    {
      "user_id": "adhd_overwhelmed_student",
      "goal_id": "web_design",
      "action": "micro_recovery_first",
      "required_features": [
        "clear_checkpoint",
        "walking_mode",
        "low_text"
      ],
      "avoid_features": [],
      "best_modality": "music_supported",
      "best_difficulty": "easy",
      "completion_rate": 32,
      "start_rate": 65
    },
    {
      "user_id": "burnout_recovery_user",
      "goal_id": "web_design",
      "action": "finish_support",
      "required_features": [
        "audio_mode",
        "walking_mode",
        "low_text"
      ],
      "avoid_features": [],
      "best_modality": "walking",
      "best_difficulty": "easy",
      "completion_rate": 43,
      "start_rate": 73
    },
    {
      "user_id": "visual_project_learner",
      "goal_id": "filmmaking",
      "action": "challenge_and_scale",
      "required_features": [
        "project_first",
        "visible_artifact",
        "micro_start"
      ],
      "avoid_features": [],
      "best_modality": "audio",
      "best_difficulty": "hard",
      "completion_rate": 70,
      "start_rate": 97
    }
  ]
}
{
  "ok": true,
  "generated_at": "2026-05-07 21:00:02",
  "new_events": 36,
  "total_events": 1656,
  "filter_count": 30,
  "sample_filters": [
    {
      "user_id": "busy_worker_student",
      "scenario_id": "semester_overload",
      "domain": "college",
      "action": "micro_start_plan",
      "avg_completion": 52,
      "overwhelm_rate": 42,
      "recommended_structures": [
        "calendar_chunking",
        "micro_start",
        "deadline_risk_map",
        "recovery_buffer"
      ],
      "dominant_verdict": "needs_lower_activation"
    },
    {
      "user_id": "creative_project_user",
      "scenario_id": "make_a_movie",
      "domain": "filmmaking",
      "action": "checkpoint_finish_plan",
      "avg_completion": 57,
      "overwhelm_rate": 50,
      "recommended_structures": [
        "phone_only_mode",
        "15_second_scene",
        "storyboard_3_frames",
        "publishable_microfilm"
      ],
      "dominant_verdict": "needs_finish_support"
    },
    {
      "user_id": "creative_project_user",
      "scenario_id": "semester_overload",
      "domain": "college",
      "action": "checkpoint_finish_plan",
      "avg_completion": 46,
      "overwhelm_rate": 31,
      "recommended_structures": [
        "calendar_chunking",
        "micro_start",
        "deadline_risk_map",
        "recovery_buffer"
      ],
      "dominant_verdict": "needs_finish_support"
    },
    {
      "user_id": "burnout_user",
      "scenario_id": "startup_validation",
      "domain": "business",
      "action": "recovery_first_plan",
      "avg_completion": 19,
      "overwhelm_rate": 62,
      "recommended_structures": [
        "one_user_profile",
        "landing_page_mvp",
        "interview_script",
        "tiny_offer"
      ],
      "dominant_verdict": "needs_recovery_first"
    },
    {
      "user_id": "adhd_student",
      "scenario_id": "research_paper",
      "domain": "school_assignment",
      "action": "recovery_first_plan",
      "avg_completion": 28,
      "overwhelm_rate": 57,
      "recommended_structures": [
        "bad_first_draft",
        "source_micro_goal",
        "outline_first",
        "checkpoint_rewards"
      ],
      "dominant_verdict": "needs_recovery_first"
    }
  ]
}
Bridge Brain Safe start: 2026-05-07 21:00:01.444815
Using Python interpreter: /home/ubuntu/bridge-engine/venv/bin/python
Running: scripts/automation_runner.py
Running: scripts/reward_loop_engine.py
Running: scripts/context_intelligence_engine.py
Running: scripts/path_effectiveness_engine.py
Running: scripts/adaptive_learning_engine.py
Running: scripts/adaptive_backend_brain.py
Running: scripts/smart_path_simulation_engine.py
Running: scripts/complex_path_simulation_engine.py
Bridge Brain Safe complete: 2026-05-07 21:00:02.911630
{
  "ok": true,
  "ran_at": "2026-05-07 21:10:02",
  "runs": 54,
  "retention": {
    "generated_at": "2026-05-07 21:10:02",
    "total_paths": 1,
    "started_paths": 0,
    "completed_paths": 0,
    "partial_paths": 0,
    "abandoned_paths": 1,
    "total_steps": 4,
    "done_steps": 0,
    "completion_rate": 0,
    "start_rate": 0,
    "feedback_events": 0,
    "overwhelm_events": 0,
    "flow_events": 0,
    "recommended_energy_mode": "focused"
  },
  "actions": [
    {
      "type": "momentum_recovery",
      "title": "Offer a 3-minute restart task for abandoned paths",
      "priority": "high"
    },
    {
      "type": "clarity",
      "title": "Rewrite checkpoints to be more concrete",
      "priority": "high"
    }
  ]
}
{
  "ok": true,
  "ran_at": "2026-05-07 21:10:02",
  "runs": 48,
  "reward_style": "restart_friction_reducer",
  "task_size": "tiny",
  "loops": [
    "Instant Visible Progress",
    "Momentum Continuation",
    "Friction Recovery",
    "Novelty Injection",
    "Identity Reinforcement"
  ]
}
{
  "ok": true,
  "generated_at": "2026-05-07 21:10:02",
  "recommendation": {
    "best_time_of_day": "morning",
    "best_energy_mode": "focused",
    "best_environment": "desk",
    "best_session_length": "medium",
    "recommended_task_mode": "guided_progress",
    "recommended_minutes": 10,
    "message": "Best current pattern: medium guided_progress tasks during morning, ideally in desk mode."
  }
}
{
  "ok": true,
  "generated_at": "2026-05-07 21:10:02",
  "recommendations": [
    {
      "goal_type": "language",
      "action": "improve_activation",
      "message": "This path needs a stronger first visible win and clearer emotional payoff."
    }
  ]
}
{
  "ok": true,
  "generated_at": "2026-05-07 21:10:02",
  "mode": "micro_activation",
  "rules": [
    "Default new tasks into low-friction micro-start format."
  ]
}
{
  "ok": true,
  "generated_at": "2026-05-07 21:10:02",
  "merged_filter_count": 40,
  "promoted": 4,
  "watch": 36,
  "suppressed": 2,
  "path_rules": 29,
  "best_default_features": [
    "visible_artifact",
    "challenge_mode",
    "project_first",
    "walking_mode",
    "micro_start",
    "low_text",
    "recovery_mode"
  ]
}
{
  "ok": true,
  "generated_at": "2026-05-07 21:10:02",
  "new_events": 60,
  "total_events": 2820,
  "filter_count": 10,
  "sample_filters": [
    {
      "user_id": "audio_walking_learner",
      "goal_id": "filmmaking",
      "action": "balanced",
      "required_features": [
        "walking_mode",
        "audio_mode",
        "skill_tree"
      ],
      "avoid_features": [],
      "best_modality": "gamified",
      "best_difficulty": "hard",
      "completion_rate": 59,
      "start_rate": 88
    },
    {
      "user_id": "audio_walking_learner",
      "goal_id": "web_design",
      "action": "balanced",
      "required_features": [
        "walking_mode",
        "deadline_aware",
        "visual_example"
      ],
      "avoid_features": [],
      "best_modality": "walking",
      "best_difficulty": "easy",
      "completion_rate": 58,
      "start_rate": 87
    },
    {
      "user_id": "adhd_overwhelmed_student",
      "goal_id": "web_design",
      "action": "micro_recovery_first",
      "required_features": [
        "clear_checkpoint",
        "walking_mode",
        "low_text"
      ],
      "avoid_features": [],
      "best_modality": "music_supported",
      "best_difficulty": "easy",
      "completion_rate": 32,
      "start_rate": 65
    },
    {
      "user_id": "burnout_recovery_user",
      "goal_id": "web_design",
      "action": "finish_support",
      "required_features": [
        "audio_mode",
        "walking_mode",
        "low_text"
      ],
      "avoid_features": [],
      "best_modality": "walking",
      "best_difficulty": "easy",
      "completion_rate": 43,
      "start_rate": 73
    },
    {
      "user_id": "visual_project_learner",
      "goal_id": "filmmaking",
      "action": "challenge_and_scale",
      "required_features": [
        "project_first",
        "visible_artifact",
        "micro_start"
      ],
      "avoid_features": [],
      "best_modality": "walking",
      "best_difficulty": "hard",
      "completion_rate": 70,
      "start_rate": 96
    }
  ]
}
{
  "ok": true,
  "generated_at": "2026-05-07 21:10:03",
  "new_events": 36,
  "total_events": 1692,
  "filter_count": 30,
  "sample_filters": [
    {
      "user_id": "busy_worker_student",
      "scenario_id": "semester_overload",
      "domain": "college",
      "action": "micro_start_plan",
      "avg_completion": 52,
      "overwhelm_rate": 42,
      "recommended_structures": [
        "calendar_chunking",
        "micro_start",
        "deadline_risk_map",
        "recovery_buffer"
      ],
      "dominant_verdict": "needs_lower_activation"
    },
    {
      "user_id": "creative_project_user",
      "scenario_id": "make_a_movie",
      "domain": "filmmaking",
      "action": "checkpoint_finish_plan",
      "avg_completion": 57,
      "overwhelm_rate": 49,
      "recommended_structures": [
        "phone_only_mode",
        "15_second_scene",
        "storyboard_3_frames",
        "publishable_microfilm"
      ],
      "dominant_verdict": "needs_finish_support"
    },
    {
      "user_id": "creative_project_user",
      "scenario_id": "semester_overload",
      "domain": "college",
      "action": "checkpoint_finish_plan",
      "avg_completion": 46,
      "overwhelm_rate": 31,
      "recommended_structures": [
        "calendar_chunking",
        "micro_start",
        "deadline_risk_map",
        "recovery_buffer"
      ],
      "dominant_verdict": "needs_finish_support"
    },
    {
      "user_id": "burnout_user",
      "scenario_id": "startup_validation",
      "domain": "business",
      "action": "recovery_first_plan",
      "avg_completion": 19,
      "overwhelm_rate": 62,
      "recommended_structures": [
        "one_user_profile",
        "landing_page_mvp",
        "interview_script",
        "tiny_offer"
      ],
      "dominant_verdict": "needs_recovery_first"
    },
    {
      "user_id": "adhd_student",
      "scenario_id": "research_paper",
      "domain": "school_assignment",
      "action": "recovery_first_plan",
      "avg_completion": 28,
      "overwhelm_rate": 57,
      "recommended_structures": [
        "bad_first_draft",
        "source_micro_goal",
        "outline_first",
        "checkpoint_rewards"
      ],
      "dominant_verdict": "needs_recovery_first"
    }
  ]
}
Bridge Brain Safe start: 2026-05-07 21:10:01.954279
Using Python interpreter: /home/ubuntu/bridge-engine/venv/bin/python
Running: scripts/automation_runner.py
Running: scripts/reward_loop_engine.py
Running: scripts/context_intelligence_engine.py
Running: scripts/path_effectiveness_engine.py
Running: scripts/adaptive_learning_engine.py
Running: scripts/adaptive_backend_brain.py
Running: scripts/smart_path_simulation_engine.py
Running: scripts/complex_path_simulation_engine.py
Bridge Brain Safe complete: 2026-05-07 21:10:03.408185
{
  "ok": true,
  "ran_at": "2026-05-07 21:20:01",
  "runs": 55,
  "retention": {
    "generated_at": "2026-05-07 21:20:01",
    "total_paths": 1,
    "started_paths": 0,
    "completed_paths": 0,
    "partial_paths": 0,
    "abandoned_paths": 1,
    "total_steps": 4,
    "done_steps": 0,
    "completion_rate": 0,
    "start_rate": 0,
    "feedback_events": 0,
    "overwhelm_events": 0,
    "flow_events": 0,
    "recommended_energy_mode": "focused"
  },
  "actions": [
    {
      "type": "momentum_recovery",
      "title": "Offer a 3-minute restart task for abandoned paths",
      "priority": "high"
    },
    {
      "type": "clarity",
      "title": "Rewrite checkpoints to be more concrete",
      "priority": "high"
    }
  ]
}
{
  "ok": true,
  "ran_at": "2026-05-07 21:20:01",
  "runs": 49,
  "reward_style": "restart_friction_reducer",
  "task_size": "tiny",
  "loops": [
    "Instant Visible Progress",
    "Momentum Continuation",
    "Friction Recovery",
    "Novelty Injection",
    "Identity Reinforcement"
  ]
}
{
  "ok": true,
  "generated_at": "2026-05-07 21:20:01",
  "recommendation": {
    "best_time_of_day": "morning",
    "best_energy_mode": "focused",
    "best_environment": "desk",
    "best_session_length": "medium",
    "recommended_task_mode": "guided_progress",
    "recommended_minutes": 10,
    "message": "Best current pattern: medium guided_progress tasks during morning, ideally in desk mode."
  }
}
{
  "ok": true,
  "generated_at": "2026-05-07 21:20:01",
  "recommendations": [
    {
      "goal_type": "language",
      "action": "improve_activation",
      "message": "This path needs a stronger first visible win and clearer emotional payoff."
    }
  ]
}
{
  "ok": true,
  "generated_at": "2026-05-07 21:20:01",
  "mode": "micro_activation",
  "rules": [
    "Default new tasks into low-friction micro-start format."
  ]
}
{
  "ok": true,
  "generated_at": "2026-05-07 21:20:01",
  "merged_filter_count": 40,
  "promoted": 4,
  "watch": 36,
  "suppressed": 2,
  "path_rules": 29,
  "best_default_features": [
    "visible_artifact",
    "challenge_mode",
    "project_first",
    "walking_mode",
    "low_text",
    "recovery_mode",
    "micro_start"
  ]
}
{
  "ok": true,
  "generated_at": "2026-05-07 21:20:02",
  "new_events": 60,
  "total_events": 2880,
  "filter_count": 10,
  "sample_filters": [
    {
      "user_id": "audio_walking_learner",
      "goal_id": "filmmaking",
      "action": "balanced",
      "required_features": [
        "walking_mode",
        "audio_mode",
        "clear_checkpoint"
      ],
      "avoid_features": [],
      "best_modality": "gamified",
      "best_difficulty": "easy",
      "completion_rate": 59,
      "start_rate": 88
    },
    {
      "user_id": "audio_walking_learner",
      "goal_id": "web_design",
      "action": "balanced",
      "required_features": [
        "walking_mode",
        "visual_example",
        "deadline_aware"
      ],
      "avoid_features": [],
      "best_modality": "gamified",
      "best_difficulty": "easy",
      "completion_rate": 58,
      "start_rate": 87
    },
    {
      "user_id": "adhd_overwhelmed_student",
      "goal_id": "web_design",
      "action": "micro_recovery_first",
      "required_features": [
        "clear_checkpoint",
        "walking_mode",
        "low_text"
      ],
      "avoid_features": [],
      "best_modality": "walking",
      "best_difficulty": "easy",
      "completion_rate": 32,
      "start_rate": 64
    },
    {
      "user_id": "burnout_recovery_user",
      "goal_id": "web_design",
      "action": "finish_support",
      "required_features": [
        "audio_mode",
        "walking_mode",
        "deadline_aware"
      ],
      "avoid_features": [],
      "best_modality": "walking",
      "best_difficulty": "easy",
      "completion_rate": 43,
      "start_rate": 73
    },
    {
      "user_id": "visual_project_learner",
      "goal_id": "filmmaking",
      "action": "challenge_and_scale",
      "required_features": [
        "project_first",
        "visible_artifact",
        "micro_start"
      ],
      "avoid_features": [],
      "best_modality": "reading",
      "best_difficulty": "hard",
      "completion_rate": 71,
      "start_rate": 97
    }
  ]
}
{
  "ok": true,
  "generated_at": "2026-05-07 21:20:02",
  "new_events": 36,
  "total_events": 1728,
  "filter_count": 30,
  "sample_filters": [
    {
      "user_id": "busy_worker_student",
      "scenario_id": "semester_overload",
      "domain": "college",
      "action": "micro_start_plan",
      "avg_completion": 52,
      "overwhelm_rate": 41,
      "recommended_structures": [
        "calendar_chunking",
        "micro_start",
        "deadline_risk_map",
        "recovery_buffer"
      ],
      "dominant_verdict": "needs_lower_activation"
    },
    {
      "user_id": "creative_project_user",
      "scenario_id": "make_a_movie",
      "domain": "filmmaking",
      "action": "checkpoint_finish_plan",
      "avg_completion": 57,
      "overwhelm_rate": 49,
      "recommended_structures": [
        "phone_only_mode",
        "15_second_scene",
        "storyboard_3_frames",
        "publishable_microfilm"
      ],
      "dominant_verdict": "needs_finish_support"
    },
    {
      "user_id": "creative_project_user",
      "scenario_id": "semester_overload",
      "domain": "college",
      "action": "checkpoint_finish_plan",
      "avg_completion": 46,
      "overwhelm_rate": 31,
      "recommended_structures": [
        "calendar_chunking",
        "micro_start",
        "deadline_risk_map",
        "recovery_buffer"
      ],
      "dominant_verdict": "needs_finish_support"
    },
    {
      "user_id": "burnout_user",
      "scenario_id": "startup_validation",
      "domain": "business",
      "action": "recovery_first_plan",
      "avg_completion": 19,
      "overwhelm_rate": 62,
      "recommended_structures": [
        "one_user_profile",
        "landing_page_mvp",
        "interview_script",
        "tiny_offer"
      ],
      "dominant_verdict": "needs_recovery_first"
    },
    {
      "user_id": "adhd_student",
      "scenario_id": "research_paper",
      "domain": "school_assignment",
      "action": "recovery_first_plan",
      "avg_completion": 28,
      "overwhelm_rate": 58,
      "recommended_structures": [
        "bad_first_draft",
        "source_micro_goal",
        "outline_first",
        "checkpoint_rewards"
      ],
      "dominant_verdict": "needs_recovery_first"
    }
  ]
}
Bridge Brain Safe start: 2026-05-07 21:20:01.460312
Using Python interpreter: /home/ubuntu/bridge-engine/venv/bin/python
Running: scripts/automation_runner.py
Running: scripts/reward_loop_engine.py
Running: scripts/context_intelligence_engine.py
Running: scripts/path_effectiveness_engine.py
Running: scripts/adaptive_learning_engine.py
Running: scripts/adaptive_backend_brain.py
Running: scripts/smart_path_simulation_engine.py
Running: scripts/complex_path_simulation_engine.py
Bridge Brain Safe complete: 2026-05-07 21:20:02.908945
{
  "ok": true,
  "ran_at": "2026-05-07 21:30:02",
  "runs": 56,
  "retention": {
    "generated_at": "2026-05-07 21:30:02",
    "total_paths": 1,
    "started_paths": 0,
    "completed_paths": 0,
    "partial_paths": 0,
    "abandoned_paths": 1,
    "total_steps": 4,
    "done_steps": 0,
    "completion_rate": 0,
    "start_rate": 0,
    "feedback_events": 0,
    "overwhelm_events": 0,
    "flow_events": 0,
    "recommended_energy_mode": "focused"
  },
  "actions": [
    {
      "type": "momentum_recovery",
      "title": "Offer a 3-minute restart task for abandoned paths",
      "priority": "high"
    },
    {
      "type": "clarity",
      "title": "Rewrite checkpoints to be more concrete",
      "priority": "high"
    }
  ]
}
{
  "ok": true,
  "ran_at": "2026-05-07 21:30:02",
  "runs": 50,
  "reward_style": "restart_friction_reducer",
  "task_size": "tiny",
  "loops": [
    "Instant Visible Progress",
    "Momentum Continuation",
    "Friction Recovery",
    "Novelty Injection",
    "Identity Reinforcement"
  ]
}
{
  "ok": true,
  "generated_at": "2026-05-07 21:30:02",
  "recommendation": {
    "best_time_of_day": "morning",
    "best_energy_mode": "focused",
    "best_environment": "desk",
    "best_session_length": "medium",
    "recommended_task_mode": "guided_progress",
    "recommended_minutes": 10,
    "message": "Best current pattern: medium guided_progress tasks during morning, ideally in desk mode."
  }
}
{
  "ok": true,
  "generated_at": "2026-05-07 21:30:02",
  "recommendations": [
    {
      "goal_type": "language",
      "action": "improve_activation",
      "message": "This path needs a stronger first visible win and clearer emotional payoff."
    }
  ]
}
{
  "ok": true,
  "generated_at": "2026-05-07 21:30:02",
  "mode": "micro_activation",
  "rules": [
    "Default new tasks into low-friction micro-start format."
  ]
}
{
  "ok": true,
  "generated_at": "2026-05-07 21:30:02",
  "merged_filter_count": 40,
  "promoted": 4,
  "watch": 36,
  "suppressed": 2,
  "path_rules": 29,
  "best_default_features": [
    "visible_artifact",
    "challenge_mode",
    "project_first",
    "walking_mode",
    "micro_start",
    "low_text",
    "recovery_mode"
  ]
}
{
  "ok": true,
  "generated_at": "2026-05-07 21:30:02",
  "new_events": 60,
  "total_events": 2940,
  "filter_count": 10,
  "sample_filters": [
    {
      "user_id": "audio_walking_learner",
      "goal_id": "filmmaking",
      "action": "balanced",
      "required_features": [
        "walking_mode",
        "audio_mode",
        "clear_checkpoint"
      ],
      "avoid_features": [],
      "best_modality": "audio",
      "best_difficulty": "hard",
      "completion_rate": 59,
      "start_rate": 88
    },
    {
      "user_id": "audio_walking_learner",
      "goal_id": "web_design",
      "action": "balanced",
      "required_features": [
        "walking_mode",
        "visual_example",
        "deadline_aware"
      ],
      "avoid_features": [],
      "best_modality": "visual",
      "best_difficulty": "medium",
      "completion_rate": 58,
      "start_rate": 87
    },
    {
      "user_id": "adhd_overwhelmed_student",
      "goal_id": "web_design",
      "action": "micro_recovery_first",
      "required_features": [
        "clear_checkpoint",
        "walking_mode",
        "low_text"
      ],
      "avoid_features": [],
      "best_modality": "walking",
      "best_difficulty": "easy",
      "completion_rate": 31,
      "start_rate": 64
    },
    {
      "user_id": "burnout_recovery_user",
      "goal_id": "web_design",
      "action": "finish_support",
      "required_features": [
        "audio_mode",
        "walking_mode",
        "recovery_mode"
      ],
      "avoid_features": [],
      "best_modality": "walking",
      "best_difficulty": "easy",
      "completion_rate": 43,
      "start_rate": 73
    },
    {
      "user_id": "visual_project_learner",
      "goal_id": "filmmaking",
      "action": "challenge_and_scale",
      "required_features": [
        "project_first",
        "visible_artifact",
        "micro_start"
      ],
      "avoid_features": [],
      "best_modality": "walking",
      "best_difficulty": "hard",
      "completion_rate": 71,
      "start_rate": 97
    }
  ]
}
{
  "ok": true,
  "generated_at": "2026-05-07 21:30:03",
  "new_events": 36,
  "total_events": 1764,
  "filter_count": 30,
  "sample_filters": [
    {
      "user_id": "busy_worker_student",
      "scenario_id": "semester_overload",
      "domain": "college",
      "action": "micro_start_plan",
      "avg_completion": 52,
      "overwhelm_rate": 41,
      "recommended_structures": [
        "calendar_chunking",
        "micro_start",
        "deadline_risk_map",
        "recovery_buffer"
      ],
      "dominant_verdict": "needs_lower_activation"
    },
    {
      "user_id": "creative_project_user",
      "scenario_id": "make_a_movie",
      "domain": "filmmaking",
      "action": "checkpoint_finish_plan",
      "avg_completion": 56,
      "overwhelm_rate": 49,
      "recommended_structures": [
        "phone_only_mode",
        "15_second_scene",
        "storyboard_3_frames",
        "publishable_microfilm"
      ],
      "dominant_verdict": "needs_finish_support"
    },
    {
      "user_id": "creative_project_user",
      "scenario_id": "semester_overload",
      "domain": "college",
      "action": "checkpoint_finish_plan",
      "avg_completion": 46,
      "overwhelm_rate": 32,
      "recommended_structures": [
        "calendar_chunking",
        "micro_start",
        "deadline_risk_map",
        "recovery_buffer"
      ],
      "dominant_verdict": "needs_finish_support"
    },
    {
      "user_id": "burnout_user",
      "scenario_id": "startup_validation",
      "domain": "business",
      "action": "recovery_first_plan",
      "avg_completion": 19,
      "overwhelm_rate": 63,
      "recommended_structures": [
        "one_user_profile",
        "landing_page_mvp",
        "interview_script",
        "tiny_offer"
      ],
      "dominant_verdict": "needs_recovery_first"
    },
    {
      "user_id": "adhd_student",
      "scenario_id": "research_paper",
      "domain": "school_assignment",
      "action": "recovery_first_plan",
      "avg_completion": 28,
      "overwhelm_rate": 58,
      "recommended_structures": [
        "bad_first_draft",
        "source_micro_goal",
        "outline_first",
        "checkpoint_rewards"
      ],
      "dominant_verdict": "needs_recovery_first"
    }
  ]
}
Bridge Brain Safe start: 2026-05-07 21:30:01.952903
Using Python interpreter: /home/ubuntu/bridge-engine/venv/bin/python
Running: scripts/automation_runner.py
Running: scripts/reward_loop_engine.py
Running: scripts/context_intelligence_engine.py
Running: scripts/path_effectiveness_engine.py
Running: scripts/adaptive_learning_engine.py
Running: scripts/adaptive_backend_brain.py
Running: scripts/smart_path_simulation_engine.py
Running: scripts/complex_path_simulation_engine.py
Bridge Brain Safe complete: 2026-05-07 21:30:03.514700
{
  "ok": true,
  "ran_at": "2026-05-07 21:40:01",
  "runs": 57,
  "retention": {
    "generated_at": "2026-05-07 21:40:01",
    "total_paths": 1,
    "started_paths": 0,
    "completed_paths": 0,
    "partial_paths": 0,
    "abandoned_paths": 1,
    "total_steps": 4,
    "done_steps": 0,
    "completion_rate": 0,
    "start_rate": 0,
    "feedback_events": 0,
    "overwhelm_events": 0,
    "flow_events": 0,
    "recommended_energy_mode": "focused"
  },
  "actions": [
    {
      "type": "momentum_recovery",
      "title": "Offer a 3-minute restart task for abandoned paths",
      "priority": "high"
    },
    {
      "type": "clarity",
      "title": "Rewrite checkpoints to be more concrete",
      "priority": "high"
    }
  ]
}
{
  "ok": true,
  "ran_at": "2026-05-07 21:40:01",
  "runs": 51,
  "reward_style": "restart_friction_reducer",
  "task_size": "tiny",
  "loops": [
    "Instant Visible Progress",
    "Momentum Continuation",
    "Friction Recovery",
    "Novelty Injection",
    "Identity Reinforcement"
  ]
}
{
  "ok": true,
  "generated_at": "2026-05-07 21:40:01",
  "recommendation": {
    "best_time_of_day": "morning",
    "best_energy_mode": "focused",
    "best_environment": "desk",
    "best_session_length": "medium",
    "recommended_task_mode": "guided_progress",
    "recommended_minutes": 10,
    "message": "Best current pattern: medium guided_progress tasks during morning, ideally in desk mode."
  }
}
{
  "ok": true,
  "generated_at": "2026-05-07 21:40:01",
  "recommendations": [
    {
      "goal_type": "language",
      "action": "improve_activation",
      "message": "This path needs a stronger first visible win and clearer emotional payoff."
    }
  ]
}
{
  "ok": true,
  "generated_at": "2026-05-07 21:40:01",
  "mode": "micro_activation",
  "rules": [
    "Default new tasks into low-friction micro-start format."
  ]
}
{
  "ok": true,
  "generated_at": "2026-05-07 21:40:02",
  "merged_filter_count": 40,
  "promoted": 4,
  "watch": 36,
  "suppressed": 2,
  "path_rules": 29,
  "best_default_features": [
    "visible_artifact",
    "challenge_mode",
    "project_first",
    "walking_mode",
    "micro_start",
    "low_text",
    "recovery_mode"
  ]
}
{
  "ok": true,
  "generated_at": "2026-05-07 21:40:02",
  "new_events": 60,
  "total_events": 3000,
  "filter_count": 10,
  "sample_filters": [
    {
      "user_id": "audio_walking_learner",
      "goal_id": "filmmaking",
      "action": "balanced",
      "required_features": [
        "walking_mode",
        "audio_mode",
        "skill_tree"
      ],
      "avoid_features": [],
      "best_modality": "audio",
      "best_difficulty": "hard",
      "completion_rate": 59,
      "start_rate": 89
    },
    {
      "user_id": "audio_walking_learner",
      "goal_id": "web_design",
      "action": "balanced",
      "required_features": [
        "walking_mode",
        "visual_example",
        "deadline_aware"
      ],
      "avoid_features": [],
      "best_modality": "visual",
      "best_difficulty": "medium",
      "completion_rate": 58,
      "start_rate": 87
    },
    {
      "user_id": "adhd_overwhelmed_student",
      "goal_id": "web_design",
      "action": "micro_recovery_first",
      "required_features": [
        "clear_checkpoint",
        "walking_mode",
        "low_text"
      ],
      "avoid_features": [],
      "best_modality": "walking",
      "best_difficulty": "easy",
      "completion_rate": 32,
      "start_rate": 64
    },
    {
      "user_id": "burnout_recovery_user",
      "goal_id": "web_design",
      "action": "finish_support",
      "required_features": [
        "audio_mode",
        "walking_mode",
        "recovery_mode"
      ],
      "avoid_features": [],
      "best_modality": "walking",
      "best_difficulty": "easy",
      "completion_rate": 42,
      "start_rate": 73
    },
    {
      "user_id": "visual_project_learner",
      "goal_id": "filmmaking",
      "action": "challenge_and_scale",
      "required_features": [
        "project_first",
        "visible_artifact",
        "micro_start"
      ],
      "avoid_features": [],
      "best_modality": "walking",
      "best_difficulty": "hard",
      "completion_rate": 71,
      "start_rate": 97
    }
  ]
}
{
  "ok": true,
  "generated_at": "2026-05-07 21:40:03",
  "new_events": 36,
  "total_events": 1800,
  "filter_count": 30,
  "sample_filters": [
    {
      "user_id": "busy_worker_student",
      "scenario_id": "semester_overload",
      "domain": "college",
      "action": "micro_start_plan",
      "avg_completion": 52,
      "overwhelm_rate": 41,
      "recommended_structures": [
        "calendar_chunking",
        "micro_start",
        "deadline_risk_map",
        "recovery_buffer"
      ],
      "dominant_verdict": "needs_lower_activation"
    },
    {
      "user_id": "creative_project_user",
      "scenario_id": "make_a_movie",
      "domain": "filmmaking",
      "action": "checkpoint_finish_plan",
      "avg_completion": 56,
      "overwhelm_rate": 49,
      "recommended_structures": [
        "phone_only_mode",
        "15_second_scene",
        "storyboard_3_frames",
        "publishable_microfilm"
      ],
      "dominant_verdict": "needs_finish_support"
    },
    {
      "user_id": "creative_project_user",
      "scenario_id": "semester_overload",
      "domain": "college",
      "action": "checkpoint_finish_plan",
      "avg_completion": 46,
      "overwhelm_rate": 32,
      "recommended_structures": [
        "calendar_chunking",
        "micro_start",
        "deadline_risk_map",
        "recovery_buffer"
      ],
      "dominant_verdict": "needs_finish_support"
    },
    {
      "user_id": "burnout_user",
      "scenario_id": "startup_validation",
      "domain": "business",
      "action": "recovery_first_plan",
      "avg_completion": 19,
      "overwhelm_rate": 62,
      "recommended_structures": [
        "one_user_profile",
        "landing_page_mvp",
        "interview_script",
        "tiny_offer"
      ],
      "dominant_verdict": "needs_recovery_first"
    },
    {
      "user_id": "adhd_student",
      "scenario_id": "research_paper",
      "domain": "school_assignment",
      "action": "recovery_first_plan",
      "avg_completion": 29,
      "overwhelm_rate": 59,
      "recommended_structures": [
        "bad_first_draft",
        "source_micro_goal",
        "outline_first",
        "checkpoint_rewards"
      ],
      "dominant_verdict": "needs_recovery_first"
    }
  ]
}
Bridge Brain Safe start: 2026-05-07 21:40:01.564896
Using Python interpreter: /home/ubuntu/bridge-engine/venv/bin/python
Running: scripts/automation_runner.py
Running: scripts/reward_loop_engine.py
Running: scripts/context_intelligence_engine.py
Running: scripts/path_effectiveness_engine.py
Running: scripts/adaptive_learning_engine.py
Running: scripts/adaptive_backend_brain.py
Running: scripts/smart_path_simulation_engine.py
Running: scripts/complex_path_simulation_engine.py
Bridge Brain Safe complete: 2026-05-07 21:40:03.101095
{
  "ok": true,
  "ran_at": "2026-05-07 21:50:01",
  "runs": 58,
  "retention": {
    "generated_at": "2026-05-07 21:50:01",
    "total_paths": 1,
    "started_paths": 0,
    "completed_paths": 0,
    "partial_paths": 0,
    "abandoned_paths": 1,
    "total_steps": 4,
    "done_steps": 0,
    "completion_rate": 0,
    "start_rate": 0,
    "feedback_events": 0,
    "overwhelm_events": 0,
    "flow_events": 0,
    "recommended_energy_mode": "focused"
  },
  "actions": [
    {
      "type": "momentum_recovery",
      "title": "Offer a 3-minute restart task for abandoned paths",
      "priority": "high"
    },
    {
      "type": "clarity",
      "title": "Rewrite checkpoints to be more concrete",
      "priority": "high"
    }
  ]
}
{
  "ok": true,
  "ran_at": "2026-05-07 21:50:01",
  "runs": 52,
  "reward_style": "restart_friction_reducer",
  "task_size": "tiny",
  "loops": [
    "Instant Visible Progress",
    "Momentum Continuation",
    "Friction Recovery",
    "Novelty Injection",
    "Identity Reinforcement"
  ]
}
{
  "ok": true,
  "generated_at": "2026-05-07 21:50:01",
  "recommendation": {
    "best_time_of_day": "morning",
    "best_energy_mode": "focused",
    "best_environment": "desk",
    "best_session_length": "medium",
    "recommended_task_mode": "guided_progress",
    "recommended_minutes": 10,
    "message": "Best current pattern: medium guided_progress tasks during morning, ideally in desk mode."
  }
}
{
  "ok": true,
  "generated_at": "2026-05-07 21:50:01",
  "recommendations": [
    {
      "goal_type": "language",
      "action": "improve_activation",
      "message": "This path needs a stronger first visible win and clearer emotional payoff."
    }
  ]
}
{
  "ok": true,
  "generated_at": "2026-05-07 21:50:01",
  "mode": "micro_activation",
  "rules": [
    "Default new tasks into low-friction micro-start format."
  ]
}
{
  "ok": true,
  "generated_at": "2026-05-07 21:50:01",
  "merged_filter_count": 40,
  "promoted": 4,
  "watch": 36,
  "suppressed": 2,
  "path_rules": 29,
  "best_default_features": [
    "visible_artifact",
    "challenge_mode",
    "project_first",
    "walking_mode",
    "micro_start",
    "low_text",
    "recovery_mode"
  ]
}
{
  "ok": true,
  "generated_at": "2026-05-07 21:50:01",
  "new_events": 60,
  "total_events": 3060,
  "filter_count": 10,
  "sample_filters": [
    {
      "user_id": "audio_walking_learner",
      "goal_id": "filmmaking",
      "action": "balanced",
      "required_features": [
        "audio_mode",
        "walking_mode",
        "skill_tree"
      ],
      "avoid_features": [],
      "best_modality": "audio",
      "best_difficulty": "hard",
      "completion_rate": 58,
      "start_rate": 88
    },
    {
      "user_id": "audio_walking_learner",
      "goal_id": "web_design",
      "action": "balanced",
      "required_features": [
        "walking_mode",
        "visual_example",
        "deadline_aware"
      ],
      "avoid_features": [],
      "best_modality": "visual",
      "best_difficulty": "medium",
      "completion_rate": 58,
      "start_rate": 87
    },
    {
      "user_id": "adhd_overwhelmed_student",
      "goal_id": "web_design",
      "action": "micro_recovery_first",
      "required_features": [
        "clear_checkpoint",
        "low_text",
        "walking_mode"
      ],
      "avoid_features": [],
      "best_modality": "walking",
      "best_difficulty": "easy",
      "completion_rate": 32,
      "start_rate": 65
    },
    {
      "user_id": "burnout_recovery_user",
      "goal_id": "web_design",
      "action": "finish_support",
      "required_features": [
        "audio_mode",
        "walking_mode",
        "recovery_mode"
      ],
      "avoid_features": [],
      "best_modality": "walking",
      "best_difficulty": "easy",
      "completion_rate": 42,
      "start_rate": 72
    },
    {
      "user_id": "visual_project_learner",
      "goal_id": "filmmaking",
      "action": "challenge_and_scale",
      "required_features": [
        "project_first",
        "visible_artifact",
        "micro_start"
      ],
      "avoid_features": [],
      "best_modality": "walking",
      "best_difficulty": "hard",
      "completion_rate": 71,
      "start_rate": 97
    }
  ]
}
{
  "ok": true,
  "generated_at": "2026-05-07 21:50:02",
  "new_events": 36,
  "total_events": 1836,
  "filter_count": 30,
  "sample_filters": [
    {
      "user_id": "busy_worker_student",
      "scenario_id": "semester_overload",
      "domain": "college",
      "action": "micro_start_plan",
      "avg_completion": 50,
      "overwhelm_rate": 44,
      "recommended_structures": [
        "calendar_chunking",
        "micro_start",
        "deadline_risk_map",
        "recovery_buffer"
      ],
      "dominant_verdict": "needs_lower_activation"
    },
    {
      "user_id": "creative_project_user",
      "scenario_id": "make_a_movie",
      "domain": "filmmaking",
      "action": "checkpoint_finish_plan",
      "avg_completion": 56,
      "overwhelm_rate": 49,
      "recommended_structures": [
        "phone_only_mode",
        "15_second_scene",
        "storyboard_3_frames",
        "publishable_microfilm"
      ],
      "dominant_verdict": "needs_finish_support"
    },
    {
      "user_id": "creative_project_user",
      "scenario_id": "semester_overload",
      "domain": "college",
      "action": "checkpoint_finish_plan",
      "avg_completion": 45,
      "overwhelm_rate": 32,
      "recommended_structures": [
        "calendar_chunking",
        "micro_start",
        "deadline_risk_map",
        "recovery_buffer"
      ],
      "dominant_verdict": "needs_finish_support"
    },
    {
      "user_id": "burnout_user",
      "scenario_id": "startup_validation",
      "domain": "business",
      "action": "recovery_first_plan",
      "avg_completion": 19,
      "overwhelm_rate": 61,
      "recommended_structures": [
        "one_user_profile",
        "landing_page_mvp",
        "interview_script",
        "tiny_offer"
      ],
      "dominant_verdict": "needs_recovery_first"
    },
    {
      "user_id": "adhd_student",
      "scenario_id": "research_paper",
      "domain": "school_assignment",
      "action": "recovery_first_plan",
      "avg_completion": 28,
      "overwhelm_rate": 59,
      "recommended_structures": [
        "bad_first_draft",
        "source_micro_goal",
        "outline_first",
        "checkpoint_rewards"
      ],
      "dominant_verdict": "needs_recovery_first"
    }
  ]
}
Bridge Brain Safe start: 2026-05-07 21:50:01.143187
Using Python interpreter: /home/ubuntu/bridge-engine/venv/bin/python
Running: scripts/automation_runner.py
Running: scripts/reward_loop_engine.py
Running: scripts/context_intelligence_engine.py
Running: scripts/path_effectiveness_engine.py
Running: scripts/adaptive_learning_engine.py
Running: scripts/adaptive_backend_brain.py
Running: scripts/smart_path_simulation_engine.py
Running: scripts/complex_path_simulation_engine.py
Bridge Brain Safe complete: 2026-05-07 21:50:02.699240
{
  "ok": true,
  "ran_at": "2026-05-07 22:00:01",
  "runs": 59,
  "retention": {
    "generated_at": "2026-05-07 22:00:01",
    "total_paths": 1,
    "started_paths": 0,
    "completed_paths": 0,
    "partial_paths": 0,
    "abandoned_paths": 1,
    "total_steps": 4,
    "done_steps": 0,
    "completion_rate": 0,
    "start_rate": 0,
    "feedback_events": 0,
    "overwhelm_events": 0,
    "flow_events": 0,
    "recommended_energy_mode": "focused"
  },
  "actions": [
    {
      "type": "momentum_recovery",
      "title": "Offer a 3-minute restart task for abandoned paths",
      "priority": "high"
    },
    {
      "type": "clarity",
      "title": "Rewrite checkpoints to be more concrete",
      "priority": "high"
    }
  ]
}
{
  "ok": true,
  "ran_at": "2026-05-07 22:00:01",
  "runs": 53,
  "reward_style": "restart_friction_reducer",
  "task_size": "tiny",
  "loops": [
    "Instant Visible Progress",
    "Momentum Continuation",
    "Friction Recovery",
    "Novelty Injection",
    "Identity Reinforcement"
  ]
}
{
  "ok": true,
  "generated_at": "2026-05-07 22:00:01",
  "recommendation": {
    "best_time_of_day": "morning",
    "best_energy_mode": "focused",
    "best_environment": "desk",
    "best_session_length": "medium",
    "recommended_task_mode": "guided_progress",
    "recommended_minutes": 10,
    "message": "Best current pattern: medium guided_progress tasks during morning, ideally in desk mode."
  }
}
{
  "ok": true,
  "generated_at": "2026-05-07 22:00:02",
  "recommendations": [
    {
      "goal_type": "language",
      "action": "improve_activation",
      "message": "This path needs a stronger first visible win and clearer emotional payoff."
    }
  ]
}
{
  "ok": true,
  "generated_at": "2026-05-07 22:00:02",
  "mode": "micro_activation",
  "rules": [
    "Default new tasks into low-friction micro-start format."
  ]
}
{
  "ok": true,
  "generated_at": "2026-05-07 22:00:02",
  "merged_filter_count": 40,
  "promoted": 4,
  "watch": 36,
  "suppressed": 2,
  "path_rules": 29,
  "best_default_features": [
    "visible_artifact",
    "challenge_mode",
    "project_first",
    "walking_mode",
    "micro_start",
    "recovery_mode",
    "low_text"
  ]
}
{
  "ok": true,
  "generated_at": "2026-05-07 22:00:02",
  "new_events": 60,
  "total_events": 3120,
  "filter_count": 10,
  "sample_filters": [
    {
      "user_id": "audio_walking_learner",
      "goal_id": "filmmaking",
      "action": "balanced",
      "required_features": [
        "audio_mode",
        "walking_mode",
        "clear_checkpoint"
      ],
      "avoid_features": [],
      "best_modality": "audio",
      "best_difficulty": "hard",
      "completion_rate": 58,
      "start_rate": 88
    },
    {
      "user_id": "audio_walking_learner",
      "goal_id": "web_design",
      "action": "balanced",
      "required_features": [
        "walking_mode",
        "visual_example",
        "micro_start"
      ],
      "avoid_features": [],
      "best_modality": "visual",
      "best_difficulty": "medium",
      "completion_rate": 57,
      "start_rate": 87
    },
    {
      "user_id": "adhd_overwhelmed_student",
      "goal_id": "web_design",
      "action": "micro_recovery_first",
      "required_features": [
        "clear_checkpoint",
        "walking_mode",
        "low_text"
      ],
      "avoid_features": [],
      "best_modality": "walking",
      "best_difficulty": "easy",
      "completion_rate": 32,
      "start_rate": 65
    },
    {
      "user_id": "burnout_recovery_user",
      "goal_id": "web_design",
      "action": "finish_support",
      "required_features": [
        "audio_mode",
        "walking_mode",
        "recovery_mode"
      ],
      "avoid_features": [],
      "best_modality": "walking",
      "best_difficulty": "easy",
      "completion_rate": 42,
      "start_rate": 72
    },
    {
      "user_id": "visual_project_learner",
      "goal_id": "filmmaking",
      "action": "challenge_and_scale",
      "required_features": [
        "project_first",
        "micro_start",
        "visible_artifact"
      ],
      "avoid_features": [],
      "best_modality": "walking",
      "best_difficulty": "hard",
      "completion_rate": 71,
      "start_rate": 97
    }
  ]
}
{
  "ok": true,
  "generated_at": "2026-05-07 22:00:03",
  "new_events": 36,
  "total_events": 1872,
  "filter_count": 30,
  "sample_filters": [
    {
      "user_id": "busy_worker_student",
      "scenario_id": "semester_overload",
      "domain": "college",
      "action": "micro_start_plan",
      "avg_completion": 50,
      "overwhelm_rate": 44,
      "recommended_structures": [
        "calendar_chunking",
        "micro_start",
        "deadline_risk_map",
        "recovery_buffer"
      ],
      "dominant_verdict": "needs_lower_activation"
    },
    {
      "user_id": "creative_project_user",
      "scenario_id": "make_a_movie",
      "domain": "filmmaking",
      "action": "checkpoint_finish_plan",
      "avg_completion": 56,
      "overwhelm_rate": 48,
      "recommended_structures": [
        "phone_only_mode",
        "15_second_scene",
        "storyboard_3_frames",
        "publishable_microfilm"
      ],
      "dominant_verdict": "needs_finish_support"
    },
    {
      "user_id": "creative_project_user",
      "scenario_id": "semester_overload",
      "domain": "college",
      "action": "checkpoint_finish_plan",
      "avg_completion": 45,
      "overwhelm_rate": 33,
      "recommended_structures": [
        "calendar_chunking",
        "micro_start",
        "deadline_risk_map",
        "recovery_buffer"
      ],
      "dominant_verdict": "needs_finish_support"
    },
    {
      "user_id": "burnout_user",
      "scenario_id": "startup_validation",
      "domain": "business",
      "action": "recovery_first_plan",
      "avg_completion": 18,
      "overwhelm_rate": 61,
      "recommended_structures": [
        "one_user_profile",
        "landing_page_mvp",
        "interview_script",
        "tiny_offer"
      ],
      "dominant_verdict": "needs_recovery_first"
    },
    {
      "user_id": "adhd_student",
      "scenario_id": "research_paper",
      "domain": "school_assignment",
      "action": "recovery_first_plan",
      "avg_completion": 28,
      "overwhelm_rate": 58,
      "recommended_structures": [
        "bad_first_draft",
        "source_micro_goal",
        "outline_first",
        "checkpoint_rewards"
      ],
      "dominant_verdict": "needs_recovery_first"
    }
  ]
}
Bridge Brain Safe start: 2026-05-07 22:00:01.742020
Using Python interpreter: /home/ubuntu/bridge-engine/venv/bin/python
Running: scripts/automation_runner.py
Running: scripts/reward_loop_engine.py
Running: scripts/context_intelligence_engine.py
Running: scripts/path_effectiveness_engine.py
Running: scripts/adaptive_learning_engine.py
Running: scripts/adaptive_backend_brain.py
Running: scripts/smart_path_simulation_engine.py
Running: scripts/complex_path_simulation_engine.py
Bridge Brain Safe complete: 2026-05-07 22:00:03.305961
{
  "ok": true,
  "ran_at": "2026-05-07 22:10:01",
  "runs": 60,
  "retention": {
    "generated_at": "2026-05-07 22:10:01",
    "total_paths": 1,
    "started_paths": 0,
    "completed_paths": 0,
    "partial_paths": 0,
    "abandoned_paths": 1,
    "total_steps": 4,
    "done_steps": 0,
    "completion_rate": 0,
    "start_rate": 0,
    "feedback_events": 0,
    "overwhelm_events": 0,
    "flow_events": 0,
    "recommended_energy_mode": "focused"
  },
  "actions": [
    {
      "type": "momentum_recovery",
      "title": "Offer a 3-minute restart task for abandoned paths",
      "priority": "high"
    },
    {
      "type": "clarity",
      "title": "Rewrite checkpoints to be more concrete",
      "priority": "high"
    }
  ]
}
{
  "ok": true,
  "ran_at": "2026-05-07 22:10:01",
  "runs": 54,
  "reward_style": "restart_friction_reducer",
  "task_size": "tiny",
  "loops": [
    "Instant Visible Progress",
    "Momentum Continuation",
    "Friction Recovery",
    "Novelty Injection",
    "Identity Reinforcement"
  ]
}
{
  "ok": true,
  "generated_at": "2026-05-07 22:10:01",
  "recommendation": {
    "best_time_of_day": "morning",
    "best_energy_mode": "focused",
    "best_environment": "desk",
    "best_session_length": "medium",
    "recommended_task_mode": "guided_progress",
    "recommended_minutes": 10,
    "message": "Best current pattern: medium guided_progress tasks during morning, ideally in desk mode."
  }
}
{
  "ok": true,
  "generated_at": "2026-05-07 22:10:01",
  "recommendations": [
    {
      "goal_type": "language",
      "action": "improve_activation",
      "message": "This path needs a stronger first visible win and clearer emotional payoff."
    }
  ]
}
{
  "ok": true,
  "generated_at": "2026-05-07 22:10:01",
  "mode": "micro_activation",
  "rules": [
    "Default new tasks into low-friction micro-start format."
  ]
}
{
  "ok": true,
  "generated_at": "2026-05-07 22:10:01",
  "merged_filter_count": 40,
  "promoted": 4,
  "watch": 36,
  "suppressed": 2,
  "path_rules": 29,
  "best_default_features": [
    "visible_artifact",
    "project_first",
    "challenge_mode",
    "micro_start",
    "recovery_mode",
    "low_text"
  ]
}
{
  "ok": true,
  "generated_at": "2026-05-07 22:10:02",
  "new_events": 60,
  "total_events": 3180,
  "filter_count": 10,
  "sample_filters": [
    {
      "user_id": "audio_walking_learner",
      "goal_id": "filmmaking",
      "action": "balanced",
      "required_features": [
        "audio_mode",
        "walking_mode",
        "clear_checkpoint"
      ],
      "avoid_features": [],
      "best_modality": "audio",
      "best_difficulty": "hard",
      "completion_rate": 58,
      "start_rate": 89
    },
    {
      "user_id": "audio_walking_learner",
      "goal_id": "web_design",
      "action": "balanced",
      "required_features": [
        "walking_mode",
        "visual_example",
        "micro_start"
      ],
      "avoid_features": [],
      "best_modality": "visual",
      "best_difficulty": "medium",
      "completion_rate": 56,
      "start_rate": 87
    },
    {
      "user_id": "adhd_overwhelmed_student",
      "goal_id": "web_design",
      "action": "micro_recovery_first",
      "required_features": [
        "clear_checkpoint",
        "walking_mode",
        "low_text"
      ],
      "avoid_features": [],
      "best_modality": "walking",
      "best_difficulty": "medium",
      "completion_rate": 32,
      "start_rate": 64
    },
    {
      "user_id": "burnout_recovery_user",
      "goal_id": "web_design",
      "action": "finish_support",
      "required_features": [
        "audio_mode",
        "walking_mode",
        "recovery_mode"
      ],
      "avoid_features": [],
      "best_modality": "walking",
      "best_difficulty": "easy",
      "completion_rate": 42,
      "start_rate": 72
    },
    {
      "user_id": "visual_project_learner",
      "goal_id": "filmmaking",
      "action": "challenge_and_scale",
      "required_features": [
        "project_first",
        "visible_artifact",
        "micro_start"
      ],
      "avoid_features": [],
      "best_modality": "walking",
      "best_difficulty": "hard",
      "completion_rate": 71,
      "start_rate": 97
    }
  ]
}
{
  "ok": true,
  "generated_at": "2026-05-07 22:10:02",
  "new_events": 36,
  "total_events": 1908,
  "filter_count": 30,
  "sample_filters": [
    {
      "user_id": "busy_worker_student",
      "scenario_id": "semester_overload",
      "domain": "college",
      "action": "micro_start_plan",
      "avg_completion": 50,
      "overwhelm_rate": 43,
      "recommended_structures": [
        "calendar_chunking",
        "micro_start",
        "deadline_risk_map",
        "recovery_buffer"
      ],
      "dominant_verdict": "needs_lower_activation"
    },
    {
      "user_id": "creative_project_user",
      "scenario_id": "make_a_movie",
      "domain": "filmmaking",
      "action": "checkpoint_finish_plan",
      "avg_completion": 57,
      "overwhelm_rate": 48,
      "recommended_structures": [
        "phone_only_mode",
        "15_second_scene",
        "storyboard_3_frames",
        "publishable_microfilm"
      ],
      "dominant_verdict": "needs_finish_support"
    },
    {
      "user_id": "creative_project_user",
      "scenario_id": "semester_overload",
      "domain": "college",
      "action": "checkpoint_finish_plan",
      "avg_completion": 45,
      "overwhelm_rate": 33,
      "recommended_structures": [
        "calendar_chunking",
        "micro_start",
        "deadline_risk_map",
        "recovery_buffer"
      ],
      "dominant_verdict": "needs_finish_support"
    },
    {
      "user_id": "burnout_user",
      "scenario_id": "startup_validation",
      "domain": "business",
      "action": "recovery_first_plan",
      "avg_completion": 18,
      "overwhelm_rate": 61,
      "recommended_structures": [
        "one_user_profile",
        "landing_page_mvp",
        "interview_script",
        "tiny_offer"
      ],
      "dominant_verdict": "needs_recovery_first"
    },
    {
      "user_id": "adhd_student",
      "scenario_id": "research_paper",
      "domain": "school_assignment",
      "action": "recovery_first_plan",
      "avg_completion": 28,
      "overwhelm_rate": 57,
      "recommended_structures": [
        "bad_first_draft",
        "source_micro_goal",
        "outline_first",
        "checkpoint_rewards"
      ],
      "dominant_verdict": "needs_recovery_first"
    }
  ]
}
Bridge Brain Safe start: 2026-05-07 22:10:01.349360
Using Python interpreter: /home/ubuntu/bridge-engine/venv/bin/python
Running: scripts/automation_runner.py
Running: scripts/reward_loop_engine.py
Running: scripts/context_intelligence_engine.py
Running: scripts/path_effectiveness_engine.py
Running: scripts/adaptive_learning_engine.py
Running: scripts/adaptive_backend_brain.py
Running: scripts/smart_path_simulation_engine.py
Running: scripts/complex_path_simulation_engine.py
Bridge Brain Safe complete: 2026-05-07 22:10:02.936101
{
  "ok": true,
  "ran_at": "2026-05-07 22:20:01",
  "runs": 61,
  "retention": {
    "generated_at": "2026-05-07 22:20:01",
    "total_paths": 1,
    "started_paths": 0,
    "completed_paths": 0,
    "partial_paths": 0,
    "abandoned_paths": 1,
    "total_steps": 4,
    "done_steps": 0,
    "completion_rate": 0,
    "start_rate": 0,
    "feedback_events": 0,
    "overwhelm_events": 0,
    "flow_events": 0,
    "recommended_energy_mode": "focused"
  },
  "actions": [
    {
      "type": "momentum_recovery",
      "title": "Offer a 3-minute restart task for abandoned paths",
      "priority": "high"
    },
    {
      "type": "clarity",
      "title": "Rewrite checkpoints to be more concrete",
      "priority": "high"
    }
  ]
}
{
  "ok": true,
  "ran_at": "2026-05-07 22:20:01",
  "runs": 55,
  "reward_style": "restart_friction_reducer",
  "task_size": "tiny",
  "loops": [
    "Instant Visible Progress",
    "Momentum Continuation",
    "Friction Recovery",
    "Novelty Injection",
    "Identity Reinforcement"
  ]
}
{
  "ok": true,
  "generated_at": "2026-05-07 22:20:01",
  "recommendation": {
    "best_time_of_day": "morning",
    "best_energy_mode": "focused",
    "best_environment": "desk",
    "best_session_length": "medium",
    "recommended_task_mode": "guided_progress",
    "recommended_minutes": 10,
    "message": "Best current pattern: medium guided_progress tasks during morning, ideally in desk mode."
  }
}
{
  "ok": true,
  "generated_at": "2026-05-07 22:20:01",
  "recommendations": [
    {
      "goal_type": "language",
      "action": "improve_activation",
      "message": "This path needs a stronger first visible win and clearer emotional payoff."
    }
  ]
}
{
  "ok": true,
  "generated_at": "2026-05-07 22:20:01",
  "mode": "micro_activation",
  "rules": [
    "Default new tasks into low-friction micro-start format."
  ]
}
{
  "ok": true,
  "generated_at": "2026-05-07 22:20:01",
  "merged_filter_count": 40,
  "promoted": 4,
  "watch": 36,
  "suppressed": 2,
  "path_rules": 29,
  "best_default_features": [
    "visible_artifact",
    "project_first",
    "challenge_mode",
    "micro_start",
    "recovery_mode",
    "low_text"
  ]
}
{
  "ok": true,
  "generated_at": "2026-05-07 22:20:01",
  "new_events": 60,
  "total_events": 3240,
  "filter_count": 10,
  "sample_filters": [
    {
      "user_id": "audio_walking_learner",
      "goal_id": "filmmaking",
      "action": "balanced",
      "required_features": [
        "audio_mode",
        "walking_mode",
        "clear_checkpoint"
      ],
      "avoid_features": [],
      "best_modality": "audio",
      "best_difficulty": "easy",
      "completion_rate": 58,
      "start_rate": 89
    },
    {
      "user_id": "audio_walking_learner",
      "goal_id": "web_design",
      "action": "balanced",
      "required_features": [
        "walking_mode",
        "visual_example",
        "deadline_aware"
      ],
      "avoid_features": [],
      "best_modality": "visual",
      "best_difficulty": "medium",
      "completion_rate": 56,
      "start_rate": 86
    },
    {
      "user_id": "adhd_overwhelmed_student",
      "goal_id": "web_design",
      "action": "micro_recovery_first",
      "required_features": [
        "clear_checkpoint",
        "walking_mode",
        "low_text"
      ],
      "avoid_features": [],
      "best_modality": "walking",
      "best_difficulty": "medium",
      "completion_rate": 32,
      "start_rate": 64
    },
    {
      "user_id": "burnout_recovery_user",
      "goal_id": "web_design",
      "action": "finish_support",
      "required_features": [
        "audio_mode",
        "walking_mode",
        "recovery_mode"
      ],
      "avoid_features": [],
      "best_modality": "walking",
      "best_difficulty": "easy",
      "completion_rate": 42,
      "start_rate": 73
    },
    {
      "user_id": "visual_project_learner",
      "goal_id": "filmmaking",
      "action": "challenge_and_scale",
      "required_features": [
        "visible_artifact",
        "project_first",
        "micro_start"
      ],
      "avoid_features": [],
      "best_modality": "walking",
      "best_difficulty": "hard",
      "completion_rate": 71,
      "start_rate": 97
    }
  ]
}
{
  "ok": true,
  "generated_at": "2026-05-07 22:20:02",
  "new_events": 36,
  "total_events": 1944,
  "filter_count": 30,
  "sample_filters": [
    {
      "user_id": "busy_worker_student",
      "scenario_id": "semester_overload",
      "domain": "college",
      "action": "micro_start_plan",
      "avg_completion": 50,
      "overwhelm_rate": 43,
      "recommended_structures": [
        "calendar_chunking",
        "micro_start",
        "deadline_risk_map",
        "recovery_buffer"
      ],
      "dominant_verdict": "needs_lower_activation"
    },
    {
      "user_id": "creative_project_user",
      "scenario_id": "make_a_movie",
      "domain": "filmmaking",
      "action": "checkpoint_finish_plan",
      "avg_completion": 57,
      "overwhelm_rate": 48,
      "recommended_structures": [
        "phone_only_mode",
        "15_second_scene",
        "storyboard_3_frames",
        "publishable_microfilm"
      ],
      "dominant_verdict": "needs_finish_support"
    },
    {
      "user_id": "creative_project_user",
      "scenario_id": "semester_overload",
      "domain": "college",
      "action": "checkpoint_finish_plan",
      "avg_completion": 45,
      "overwhelm_rate": 32,
      "recommended_structures": [
        "calendar_chunking",
        "micro_start",
        "deadline_risk_map",
        "recovery_buffer"
      ],
      "dominant_verdict": "needs_finish_support"
    },
    {
      "user_id": "burnout_user",
      "scenario_id": "startup_validation",
      "domain": "business",
      "action": "recovery_first_plan",
      "avg_completion": 18,
      "overwhelm_rate": 61,
      "recommended_structures": [
        "one_user_profile",
        "landing_page_mvp",
        "interview_script",
        "tiny_offer"
      ],
      "dominant_verdict": "needs_recovery_first"
    },
    {
      "user_id": "adhd_student",
      "scenario_id": "research_paper",
      "domain": "school_assignment",
      "action": "recovery_first_plan",
      "avg_completion": 28,
      "overwhelm_rate": 56,
      "recommended_structures": [
        "bad_first_draft",
        "source_micro_goal",
        "outline_first",
        "checkpoint_rewards"
      ],
      "dominant_verdict": "needs_recovery_first"
    }
  ]
}
Bridge Brain Safe start: 2026-05-07 22:20:01.056319
Using Python interpreter: /home/ubuntu/bridge-engine/venv/bin/python
Running: scripts/automation_runner.py
Running: scripts/reward_loop_engine.py
Running: scripts/context_intelligence_engine.py
Running: scripts/path_effectiveness_engine.py
Running: scripts/adaptive_learning_engine.py
Running: scripts/adaptive_backend_brain.py
Running: scripts/smart_path_simulation_engine.py
Running: scripts/complex_path_simulation_engine.py
Bridge Brain Safe complete: 2026-05-07 22:20:02.619281
{
  "ok": true,
  "ran_at": "2026-05-07 22:30:01",
  "runs": 62,
  "retention": {
    "generated_at": "2026-05-07 22:30:01",
    "total_paths": 1,
    "started_paths": 0,
    "completed_paths": 0,
    "partial_paths": 0,
    "abandoned_paths": 1,
    "total_steps": 4,
    "done_steps": 0,
    "completion_rate": 0,
    "start_rate": 0,
    "feedback_events": 0,
    "overwhelm_events": 0,
    "flow_events": 0,
    "recommended_energy_mode": "focused"
  },
  "actions": [
    {
      "type": "momentum_recovery",
      "title": "Offer a 3-minute restart task for abandoned paths",
      "priority": "high"
    },
    {
      "type": "clarity",
      "title": "Rewrite checkpoints to be more concrete",
      "priority": "high"
    }
  ]
}
{
  "ok": true,
  "ran_at": "2026-05-07 22:30:01",
  "runs": 56,
  "reward_style": "restart_friction_reducer",
  "task_size": "tiny",
  "loops": [
    "Instant Visible Progress",
    "Momentum Continuation",
    "Friction Recovery",
    "Novelty Injection",
    "Identity Reinforcement"
  ]
}
{
  "ok": true,
  "generated_at": "2026-05-07 22:30:01",
  "recommendation": {
    "best_time_of_day": "morning",
    "best_energy_mode": "focused",
    "best_environment": "desk",
    "best_session_length": "medium",
    "recommended_task_mode": "guided_progress",
    "recommended_minutes": 10,
    "message": "Best current pattern: medium guided_progress tasks during morning, ideally in desk mode."
  }
}
{
  "ok": true,
  "generated_at": "2026-05-07 22:30:01",
  "recommendations": [
    {
      "goal_type": "language",
      "action": "improve_activation",
      "message": "This path needs a stronger first visible win and clearer emotional payoff."
    }
  ]
}
{
  "ok": true,
  "generated_at": "2026-05-07 22:30:02",
  "mode": "micro_activation",
  "rules": [
    "Default new tasks into low-friction micro-start format."
  ]
}
{
  "ok": true,
  "generated_at": "2026-05-07 22:30:02",
  "merged_filter_count": 40,
  "promoted": 4,
  "watch": 36,
  "suppressed": 2,
  "path_rules": 29,
  "best_default_features": [
    "visible_artifact",
    "challenge_mode",
    "project_first",
    "walking_mode",
    "micro_start",
    "low_text",
    "recovery_mode"
  ]
}
{
  "ok": true,
  "generated_at": "2026-05-07 22:30:02",
  "new_events": 60,
  "total_events": 3300,
  "filter_count": 10,
  "sample_filters": [
    {
      "user_id": "audio_walking_learner",
      "goal_id": "filmmaking",
      "action": "balanced",
      "required_features": [
        "audio_mode",
        "walking_mode",
        "clear_checkpoint"
      ],
      "avoid_features": [],
      "best_modality": "audio",
      "best_difficulty": "easy",
      "completion_rate": 59,
      "start_rate": 89
    },
    {
      "user_id": "audio_walking_learner",
      "goal_id": "web_design",
      "action": "balanced",
      "required_features": [
        "walking_mode",
        "deadline_aware",
        "visual_example"
      ],
      "avoid_features": [],
      "best_modality": "visual",
      "best_difficulty": "medium",
      "completion_rate": 56,
      "start_rate": 86
    },
    {
      "user_id": "adhd_overwhelmed_student",
      "goal_id": "web_design",
      "action": "micro_recovery_first",
      "required_features": [
        "clear_checkpoint",
        "walking_mode",
        "low_text"
      ],
      "avoid_features": [],
      "best_modality": "walking",
      "best_difficulty": "easy",
      "completion_rate": 32,
      "start_rate": 64
    },
    {
      "user_id": "burnout_recovery_user",
      "goal_id": "web_design",
      "action": "finish_support",
      "required_features": [
        "audio_mode",
        "walking_mode",
        "recovery_mode"
      ],
      "avoid_features": [],
      "best_modality": "walking",
      "best_difficulty": "easy",
      "completion_rate": 43,
      "start_rate": 74
    },
    {
      "user_id": "visual_project_learner",
      "goal_id": "filmmaking",
      "action": "challenge_and_scale",
      "required_features": [
        "visible_artifact",
        "project_first",
        "micro_start"
      ],
      "avoid_features": [],
      "best_modality": "walking",
      "best_difficulty": "hard",
      "completion_rate": 71,
      "start_rate": 97
    }
  ]
}
{
  "ok": true,
  "generated_at": "2026-05-07 22:30:03",
  "new_events": 36,
  "total_events": 1980,
  "filter_count": 30,
  "sample_filters": [
    {
      "user_id": "busy_worker_student",
      "scenario_id": "semester_overload",
      "domain": "college",
      "action": "micro_start_plan",
      "avg_completion": 50,
      "overwhelm_rate": 43,
      "recommended_structures": [
        "calendar_chunking",
        "micro_start",
        "deadline_risk_map",
        "recovery_buffer"
      ],
      "dominant_verdict": "needs_lower_activation"
    },
    {
      "user_id": "creative_project_user",
      "scenario_id": "make_a_movie",
      "domain": "filmmaking",
      "action": "checkpoint_finish_plan",
      "avg_completion": 57,
      "overwhelm_rate": 48,
      "recommended_structures": [
        "phone_only_mode",
        "15_second_scene",
        "storyboard_3_frames",
        "publishable_microfilm"
      ],
      "dominant_verdict": "needs_finish_support"
    },
    {
      "user_id": "creative_project_user",
      "scenario_id": "semester_overload",
      "domain": "college",
      "action": "checkpoint_finish_plan",
      "avg_completion": 45,
      "overwhelm_rate": 33,
      "recommended_structures": [
        "calendar_chunking",
        "micro_start",
        "deadline_risk_map",
        "recovery_buffer"
      ],
      "dominant_verdict": "needs_finish_support"
    },
    {
      "user_id": "burnout_user",
      "scenario_id": "startup_validation",
      "domain": "business",
      "action": "recovery_first_plan",
      "avg_completion": 18,
      "overwhelm_rate": 60,
      "recommended_structures": [
        "one_user_profile",
        "landing_page_mvp",
        "interview_script",
        "tiny_offer"
      ],
      "dominant_verdict": "needs_recovery_first"
    },
    {
      "user_id": "adhd_student",
      "scenario_id": "research_paper",
      "domain": "school_assignment",
      "action": "recovery_first_plan",
      "avg_completion": 28,
      "overwhelm_rate": 56,
      "recommended_structures": [
        "bad_first_draft",
        "source_micro_goal",
        "outline_first",
        "checkpoint_rewards"
      ],
      "dominant_verdict": "needs_recovery_first"
    }
  ]
}
Bridge Brain Safe start: 2026-05-07 22:30:01.663148
Using Python interpreter: /home/ubuntu/bridge-engine/venv/bin/python
Running: scripts/automation_runner.py
Running: scripts/reward_loop_engine.py
Running: scripts/context_intelligence_engine.py
Running: scripts/path_effectiveness_engine.py
Running: scripts/adaptive_learning_engine.py
Running: scripts/adaptive_backend_brain.py
Running: scripts/smart_path_simulation_engine.py
Running: scripts/complex_path_simulation_engine.py
Bridge Brain Safe complete: 2026-05-07 22:30:03.227978
{
  "ok": true,
  "ran_at": "2026-05-07 22:40:01",
  "runs": 63,
  "retention": {
    "generated_at": "2026-05-07 22:40:01",
    "total_paths": 1,
    "started_paths": 0,
    "completed_paths": 0,
    "partial_paths": 0,
    "abandoned_paths": 1,
    "total_steps": 4,
    "done_steps": 0,
    "completion_rate": 0,
    "start_rate": 0,
    "feedback_events": 0,
    "overwhelm_events": 0,
    "flow_events": 0,
    "recommended_energy_mode": "focused"
  },
  "actions": [
    {
      "type": "momentum_recovery",
      "title": "Offer a 3-minute restart task for abandoned paths",
      "priority": "high"
    },
    {
      "type": "clarity",
      "title": "Rewrite checkpoints to be more concrete",
      "priority": "high"
    }
  ]
}
{
  "ok": true,
  "ran_at": "2026-05-07 22:40:01",
  "runs": 57,
  "reward_style": "restart_friction_reducer",
  "task_size": "tiny",
  "loops": [
    "Instant Visible Progress",
    "Momentum Continuation",
    "Friction Recovery",
    "Novelty Injection",
    "Identity Reinforcement"
  ]
}
{
  "ok": true,
  "generated_at": "2026-05-07 22:40:01",
  "recommendation": {
    "best_time_of_day": "morning",
    "best_energy_mode": "focused",
    "best_environment": "desk",
    "best_session_length": "medium",
    "recommended_task_mode": "guided_progress",
    "recommended_minutes": 10,
    "message": "Best current pattern: medium guided_progress tasks during morning, ideally in desk mode."
  }
}
{
  "ok": true,
  "generated_at": "2026-05-07 22:40:01",
  "recommendations": [
    {
      "goal_type": "language",
      "action": "improve_activation",
      "message": "This path needs a stronger first visible win and clearer emotional payoff."
    }
  ]
}
{
  "ok": true,
  "generated_at": "2026-05-07 22:40:01",
  "mode": "micro_activation",
  "rules": [
    "Default new tasks into low-friction micro-start format."
  ]
}
{
  "ok": true,
  "generated_at": "2026-05-07 22:40:01",
  "merged_filter_count": 40,
  "promoted": 4,
  "watch": 36,
  "suppressed": 3,
  "path_rules": 29,
  "best_default_features": [
    "visible_artifact",
    "challenge_mode",
    "project_first",
    "walking_mode",
    "micro_start",
    "low_text",
    "recovery_mode"
  ]
}
{
  "ok": true,
  "generated_at": "2026-05-07 22:40:02",
  "new_events": 60,
  "total_events": 3360,
  "filter_count": 10,
  "sample_filters": [
    {
      "user_id": "audio_walking_learner",
      "goal_id": "filmmaking",
      "action": "balanced",
      "required_features": [
        "walking_mode",
        "audio_mode",
        "clear_checkpoint"
      ],
      "avoid_features": [],
      "best_modality": "audio",
      "best_difficulty": "hard",
      "completion_rate": 59,
      "start_rate": 89
    },
    {
      "user_id": "audio_walking_learner",
      "goal_id": "web_design",
      "action": "balanced",
      "required_features": [
        "walking_mode",
        "deadline_aware",
        "micro_start"
      ],
      "avoid_features": [],
      "best_modality": "visual",
      "best_difficulty": "medium",
      "completion_rate": 56,
      "start_rate": 86
    },
    {
      "user_id": "adhd_overwhelmed_student",
      "goal_id": "web_design",
      "action": "micro_recovery_first",
      "required_features": [
        "clear_checkpoint",
        "walking_mode",
        "low_text"
      ],
      "avoid_features": [],
      "best_modality": "walking",
      "best_difficulty": "easy",
      "completion_rate": 33,
      "start_rate": 64
    },
    {
      "user_id": "burnout_recovery_user",
      "goal_id": "web_design",
      "action": "finish_support",
      "required_features": [
        "audio_mode",
        "walking_mode",
        "recovery_mode"
      ],
      "avoid_features": [],
      "best_modality": "walking",
      "best_difficulty": "easy",
      "completion_rate": 42,
      "start_rate": 74
    },
    {
      "user_id": "visual_project_learner",
      "goal_id": "filmmaking",
      "action": "challenge_and_scale",
      "required_features": [
        "visible_artifact",
        "project_first",
        "micro_start"
      ],
      "avoid_features": [],
      "best_modality": "walking",
      "best_difficulty": "hard",
      "completion_rate": 71,
      "start_rate": 97
    }
  ]
}
{
  "ok": true,
  "generated_at": "2026-05-07 22:40:02",
  "new_events": 36,
  "total_events": 2016,
  "filter_count": 30,
  "sample_filters": [
    {
      "user_id": "busy_worker_student",
      "scenario_id": "semester_overload",
      "domain": "college",
      "action": "micro_start_plan",
      "avg_completion": 50,
      "overwhelm_rate": 44,
      "recommended_structures": [
        "calendar_chunking",
        "micro_start",
        "deadline_risk_map",
        "recovery_buffer"
      ],
      "dominant_verdict": "needs_lower_activation"
    },
    {
      "user_id": "creative_project_user",
      "scenario_id": "make_a_movie",
      "domain": "filmmaking",
      "action": "checkpoint_finish_plan",
      "avg_completion": 57,
      "overwhelm_rate": 47,
      "recommended_structures": [
        "phone_only_mode",
        "15_second_scene",
        "storyboard_3_frames",
        "publishable_microfilm"
      ],
      "dominant_verdict": "needs_finish_support"
    },
    {
      "user_id": "creative_project_user",
      "scenario_id": "semester_overload",
      "domain": "college",
      "action": "checkpoint_finish_plan",
      "avg_completion": 45,
      "overwhelm_rate": 34,
      "recommended_structures": [
        "calendar_chunking",
        "micro_start",
        "deadline_risk_map",
        "recovery_buffer"
      ],
      "dominant_verdict": "needs_finish_support"
    },
    {
      "user_id": "burnout_user",
      "scenario_id": "startup_validation",
      "domain": "business",
      "action": "recovery_first_plan",
      "avg_completion": 18,
      "overwhelm_rate": 60,
      "recommended_structures": [
        "one_user_profile",
        "landing_page_mvp",
        "interview_script",
        "tiny_offer"
      ],
      "dominant_verdict": "needs_recovery_first"
    },
    {
      "user_id": "adhd_student",
      "scenario_id": "research_paper",
      "domain": "school_assignment",
      "action": "recovery_first_plan",
      "avg_completion": 28,
      "overwhelm_rate": 57,
      "recommended_structures": [
        "bad_first_draft",
        "source_micro_goal",
        "outline_first",
        "checkpoint_rewards"
      ],
      "dominant_verdict": "needs_recovery_first"
    }
  ]
}
Bridge Brain Safe start: 2026-05-07 22:40:01.270521
Using Python interpreter: /home/ubuntu/bridge-engine/venv/bin/python
Running: scripts/automation_runner.py
Running: scripts/reward_loop_engine.py
Running: scripts/context_intelligence_engine.py
Running: scripts/path_effectiveness_engine.py
Running: scripts/adaptive_learning_engine.py
Running: scripts/adaptive_backend_brain.py
Running: scripts/smart_path_simulation_engine.py
Running: scripts/complex_path_simulation_engine.py
Bridge Brain Safe complete: 2026-05-07 22:40:02.900288
